market-census	ts/src/apex.ts	fetchCurrencies	result	parseCurrencies	1	none	no-table-entry	-	Object	sim-ok
market-census	ts/src/alpaca.ts	fetchTrades	market	market	1	typed:java.util.Map<String, Object>	-	-	retyped	-
market-census	ts/src/apex.ts	fetchTicker	market	market	1	typed:java.util.Map<String, Object>	-	-	retyped	-
market-census	ts/src/apex.ts	fetchOHLCV	market	market	1	typed:java.util.Map<String, Object>	-	-	retyped	-
market-census	ts/src/apex.ts	fetchOrderBook	market	market	1	typed:java.util.Map<String, Object>	-	-	retyped	-
market-census	ts/src/apex.ts	fetchTrades	market	market	1	typed:java.util.Map<String, Object>	-	-	retyped	-
market-census	ts/src/apex.ts	fetchOpenInterest	market	market	1	typed:java.util.Map<String, Object>	-	-	retyped	-
market-census	ts/src/apex.ts	fetchFundingRateHistory	market	market	1	typed:java.util.Map<String, Object>	-	-	retyped	-
market-census	ts/src/apex.ts	createOrder	market	market	1	typed:java.util.Map<String, Object>	-	-	retyped	-
market-census	ts/src/apex.ts	setLeverage	market	market	1	typed:java.util.Map<String, Object>	-	-	retyped	-
market-census	ts/src/alpaca.ts	fetchOrderBook	market	market	1	typed:java.util.Map<String, Object>	-	-	retyped	-
market-census	ts/src/alpaca.ts	fetchOHLCV	market	market	1	typed:java.util.Map<String, Object>	-	-	retyped	-
market-census	ts/src/alpaca.ts	fetchTickers	market	safeMarket	1	typed:java.util.Map<String, Object>	-	-	retyped	-
market-census	ts/src/alpaca.ts	fetchTickers	ticker	safeTicker	2	none	no-table-entry	-	Object	sim-ok
market-census	ts/src/alpaca.ts	createOrder	market	market	1	typed:java.util.Map<String, Object>	-	-	retyped	-
market-census	ts/src/alpaca.ts	fetchOrder	market	safeMarket	1	typed:java.util.Map<String, Object>	-	-	retyped	-
market-census	ts/src/alpaca.ts	fetchDepositAddress	currency	currency	1	typed:java.util.Map<String, Object>	-	-	retyped	-
market-census	ts/src/alpaca.ts	withdraw	currency	currency	1	typed:java.util.Map<String, Object>	-	-	retyped	-
market-census	ts/src/backpack.ts	fetchTickers	tickers	parseTickers	1	none	no-table-entry	-	Object	sim-ok
market-census	ts/src/aster.ts	fetchOHLCV	market	market	1	typed:java.util.Map<String, Object>	-	-	retyped	-
market-census	ts/src/backpack.ts	fetchTicker	market	market	1	typed:java.util.Map<String, Object>	-	-	retyped	-
market-census	ts/src/backpack.ts	parseTicker	parsedTicker	safeTicker	2	none	no-table-entry	-	Object	sim-ok
market-census	ts/src/backpack.ts	fetchOrderBook	market	market	1	typed:java.util.Map<String, Object>	-	-	retyped	-
market-census	ts/src/backpack.ts	fetchOHLCV	market	market	1	typed:java.util.Map<String, Object>	-	-	retyped	-
market-census	ts/src/backpack.ts	fetchFundingRate	market	market	1	typed:java.util.Map<String, Object>	-	-	retyped	-
market-census	ts/src/backpack.ts	fetchOpenInterest	market	market	1	typed:java.util.Map<String, Object>	-	-	retyped	-
market-census	ts/src/backpack.ts	fetchFundingRateHistory	market	market	1	typed:java.util.Map<String, Object>	-	-	retyped	-
market-census	ts/src/backpack.ts	fetchTrades	market	market	1	typed:java.util.Map<String, Object>	-	-	retyped	-
market-census	ts/src/backpack.ts	withdraw	currency	currency	1	typed:java.util.Map<String, Object>	-	-	retyped	-
market-census	ts/src/backpack.ts	fetchDepositAddress	currency	currency	1	typed:java.util.Map<String, Object>	-	-	retyped	-
market-census	ts/src/backpack.ts	createOrder	market	market	1	typed:java.util.Map<String, Object>	-	-	retyped	-
market-census	ts/src/backpack.ts	createOrderRequest	market	market	1	typed:java.util.Map<String, Object>	-	-	retyped	-
market-census	ts/src/backpack.ts	fetchOpenOrder	market	market	1	typed:java.util.Map<String, Object>	-	-	retyped	-
market-census	ts/src/backpack.ts	cancelOrder	market	market	1	typed:java.util.Map<String, Object>	-	-	retyped	-
market-census	ts/src/backpack.ts	cancelAllOrders	market	market	1	typed:java.util.Map<String, Object>	-	-	retyped	-
market-census	ts/src/aster.ts	fetchTrades	market	market	1	typed:java.util.Map<String, Object>	-	-	retyped	-
market-census	ts/src/aster.ts	fetchOrderBook	market	market	1	typed:java.util.Map<String, Object>	-	-	retyped	-
market-census	ts/src/aster.ts	fetchTicker	market	market	1	typed:java.util.Map<String, Object>	-	-	retyped	-
market-census	ts/src/aster.ts	fetchLastPrices	safeMarket	safeMarket	4	typed:java.util.Map<String, Object>	-	-	retyped	-
market-census	ts/src/aster.ts	fetchFundingRate	market	market	1	typed:java.util.Map<String, Object>	-	-	retyped	-
market-census	ts/src/aster.ts	setMarginMode	market	market	1	typed:java.util.Map<String, Object>	-	-	retyped	-
market-census	ts/src/aster.ts	fetchTradingFee	market	market	1	typed:java.util.Map<String, Object>	-	-	retyped	-
market-census	ts/src/aster.ts	fetchOrder	market	market	1	typed:java.util.Map<String, Object>	-	-	retyped	-
market-census	ts/src/aster.ts	fetchOpenOrder	market	market	1	typed:java.util.Map<String, Object>	-	-	retyped	-
market-census	ts/src/aster.ts	fetchOrders	market	market	1	typed:java.util.Map<String, Object>	-	-	retyped	-
market-census	ts/src/aster.ts	createOrder	market	market	1	typed:java.util.Map<String, Object>	-	-	retyped	-
market-census	ts/src/aster.ts	createOrders	currentMarket	market	1	typed:java.util.Map<String, Object>	-	-	retyped	-
market-census	ts/src/aster.ts	createOrders	market	market	1	typed:java.util.Map<String, Object>	-	-	retyped	-
market-census	ts/src/aster.ts	createOrderRequest	market	market	1	typed:java.util.Map<String, Object>	-	-	retyped	-
market-census	ts/src/aster.ts	cancelAllOrders	market	market	1	typed:java.util.Map<String, Object>	-	-	retyped	-
market-census	ts/src/aster.ts	cancelOrder	market	market	1	typed:java.util.Map<String, Object>	-	-	retyped	-
market-census	ts/src/aster.ts	cancelOrders	market	market	1	typed:java.util.Map<String, Object>	-	-	retyped	-
market-census	ts/src/aster.ts	setLeverage	market	market	1	typed:java.util.Map<String, Object>	-	-	retyped	-
market-census	ts/src/aster.ts	fetchMarginAdjustmentHistory	market	market	1	typed:java.util.Map<String, Object>	-	-	retyped	-
market-census	ts/src/aster.ts	modifyMarginHelper	market	market	1	typed:java.util.Map<String, Object>	-	-	retyped	-
market-census	ts/src/aster.ts	parseAccountPositions	market	safeMarket	4	typed:java.util.Map<String, Object>	-	-	retyped	-
market-census	ts/src/aster.ts	withdraw	currency	currency	1	typed:java.util.Map<String, Object>	-	-	retyped	-
market-census	ts/src/aster.ts	transfer	currency	currency	1	typed:java.util.Map<String, Object>	-	-	retyped	-
market-census	ts/src/bigone.ts	fetchTicker	market	market	1	typed:java.util.Map<String, Object>	-	-	retyped	-
market-census	ts/src/bigone.ts	fetchTickers	tickers	parseTickers	2	none	no-table-entry	-	Object	sim-ok
market-census	ts/src/bigone.ts	fetchOrderBook	market	market	1	typed:java.util.Map<String, Object>	-	-	retyped	-
market-census	ts/src/bigone.ts	fetchTrades	market	market	1	typed:java.util.Map<String, Object>	-	-	retyped	-
market-census	ts/src/bigone.ts	fetchOHLCV	market	market	1	typed:java.util.Map<String, Object>	-	-	retyped	-
market-census	ts/src/bigone.ts	createMarketBuyOrderWithCost	market	market	1	typed:java.util.Map<String, Object>	-	-	retyped	-
market-census	ts/src/bigone.ts	createOrder	market	market	1	typed:java.util.Map<String, Object>	-	-	retyped	-
market-census	ts/src/bigone.ts	cancelAllOrders	market	market	1	typed:java.util.Map<String, Object>	-	-	retyped	-
market-census	ts/src/bigone.ts	fetchOrders	market	market	1	typed:java.util.Map<String, Object>	-	-	retyped	-
market-census	ts/src/bigone.ts	fetchMyTrades	market	market	1	typed:java.util.Map<String, Object>	-	-	retyped	-
market-census	ts/src/bigone.ts	fetchDepositAddress	currency	currency	1	typed:java.util.Map<String, Object>	-	-	retyped	-
market-census	ts/src/bigone.ts	transfer	currency	currency	1	typed:java.util.Map<String, Object>	-	-	retyped	-
market-census	ts/src/bigone.ts	withdraw	currency	currency	1	typed:java.util.Map<String, Object>	-	-	retyped	-
market-census	ts/src/bingx.ts	fetchOHLCV	market	market	1	typed:java.util.Map<String, Object>	-	-	retyped	-
market-census	ts/src/binance.ts	parseCurrenciesCustom	parsed	parseCurrency	1	none	no-table-entry	-	Object	sim-ok
market-census	ts/src/bingx.ts	fetchTrades	market	market	1	typed:java.util.Map<String, Object>	-	-	retyped	-
market-census	ts/src/bingx.ts	fetchOrderBook	market	market	1	typed:java.util.Map<String, Object>	-	-	retyped	-
market-census	ts/src/bingx.ts	fetchFundingRate	market	market	1	typed:java.util.Map<String, Object>	-	-	retyped	-
market-census	ts/src/bingx.ts	fetchFundingRateHistory	market	market	1	typed:java.util.Map<String, Object>	-	-	retyped	-
market-census	ts/src/bingx.ts	fetchOpenInterest	market	market	1	typed:java.util.Map<String, Object>	-	-	retyped	-
market-census	ts/src/bingx.ts	fetchTicker	market	market	1	typed:java.util.Map<String, Object>	-	-	retyped	-
market-census	ts/src/bingx.ts	fetchMarkPrice	market	market	1	typed:java.util.Map<String, Object>	-	-	retyped	-
market-census	ts/src/bingx.ts	fetchPositionHistory	market	market	1	typed:java.util.Map<String, Object>	-	-	retyped	-
market-census	ts/src/bingx.ts	fetchPosition	market	market	1	typed:java.util.Map<String, Object>	-	-	retyped	-
market-census	ts/src/bingx.ts	createOrderRequest	market	market	1	typed:java.util.Map<String, Object>	-	-	retyped	-
market-census	ts/src/bingx.ts	createOrder	market	market	1	typed:java.util.Map<String, Object>	-	-	retyped	-
market-census	ts/src/bingx.ts	createOrders	market	market	1	typed:java.util.Map<String, Object>	-	-	retyped	-
market-census	ts/src/bingx.ts	cancelOrders	market	market	1	typed:java.util.Map<String, Object>	-	-	retyped	-
market-census	ts/src/bingx.ts	transfer	currency	currency	1	typed:java.util.Map<String, Object>	-	-	retyped	-
market-census	ts/src/bingx.ts	fetchDepositAddressesByNetwork	currency	currency	1	typed:java.util.Map<String, Object>	-	-	retyped	-
market-census	ts/src/bingx.ts	setMarginMode	market	market	1	typed:java.util.Map<String, Object>	-	-	retyped	-
market-census	ts/src/bingx.ts	setMargin	market	market	1	typed:java.util.Map<String, Object>	-	-	retyped	-
market-census	ts/src/bingx.ts	fetchLeverage	market	market	1	typed:java.util.Map<String, Object>	-	-	retyped	-
market-census	ts/src/bingx.ts	setLeverage	market	market	1	typed:java.util.Map<String, Object>	-	-	retyped	-
market-census	ts/src/bingx.ts	fetchMyTrades	market	market	1	typed:java.util.Map<String, Object>	-	-	retyped	-
market-census	ts/src/bingx.ts	withdraw	currency	currency	1	typed:java.util.Map<String, Object>	-	-	retyped	-
market-census	ts/src/bingx.ts	closePosition	market	market	1	typed:java.util.Map<String, Object>	-	-	retyped	-
market-census	ts/src/bingx.ts	editOrder	market	market	1	typed:java.util.Map<String, Object>	-	-	retyped	-
market-census	ts/src/bingx.ts	fetchMarginMode	market	market	1	typed:java.util.Map<String, Object>	-	-	retyped	-
market-census	ts/src/bingx.ts	fetchTradingFee	market	market	1	typed:java.util.Map<String, Object>	-	-	retyped	-
market-census	ts/src/bingx.ts	fetchMarketLeverageTiers	market	market	1	typed:java.util.Map<String, Object>	-	-	retyped	-
market-census	ts/src/bit2c.ts	parseBalance	currency	currency	1	typed:java.util.Map<String, Object>	-	-	retyped	-
market-census	ts/src/bit2c.ts	fetchOrderBook	market	market	1	typed:java.util.Map<String, Object>	-	-	retyped	-
market-census	ts/src/bit2c.ts	fetchTicker	market	market	1	typed:java.util.Map<String, Object>	-	-	retyped	-
market-census	ts/src/bit2c.ts	fetchTrades	market	market	1	typed:java.util.Map<String, Object>	-	-	retyped	-
market-census	ts/src/bit2c.ts	createOrder	market	market	1	typed:java.util.Map<String, Object>	-	-	retyped	-
market-census	ts/src/bit2c.ts	fetchOpenOrders	market	market	1	typed:java.util.Map<String, Object>	-	-	retyped	-
market-census	ts/src/bit2c.ts	fetchOrder	market	market	1	typed:java.util.Map<String, Object>	-	-	retyped	-
market-census	ts/src/bit2c.ts	fetchDepositAddress	currency	currency	1	typed:java.util.Map<String, Object>	-	-	retyped	-
market-census	ts/src/bitbank.ts	fetchTicker	market	market	1	typed:java.util.Map<String, Object>	-	-	retyped	-
market-census	ts/src/bitbank.ts	fetchOrderBook	market	market	1	typed:java.util.Map<String, Object>	-	-	retyped	-
market-census	ts/src/bitbank.ts	fetchTrades	market	market	1	typed:java.util.Map<String, Object>	-	-	retyped	-
market-census	ts/src/bitbank.ts	fetchTradingFees	market	safeMarket	1	typed:java.util.Map<String, Object>	-	-	retyped	-
market-census	ts/src/bitbank.ts	fetchOHLCV	market	market	1	typed:java.util.Map<String, Object>	-	-	retyped	-
market-census	ts/src/bitbank.ts	createOrder	market	market	1	typed:java.util.Map<String, Object>	-	-	retyped	-
market-census	ts/src/bitbank.ts	cancelOrder	market	market	1	typed:java.util.Map<String, Object>	-	-	retyped	-
market-census	ts/src/bitbank.ts	fetchOrder	market	market	1	typed:java.util.Map<String, Object>	-	-	retyped	-
market-census	ts/src/bitbank.ts	fetchOpenOrders	market	market	1	typed:java.util.Map<String, Object>	-	-	retyped	-
market-census	ts/src/bitbank.ts	fetchDepositAddress	currency	currency	1	typed:java.util.Map<String, Object>	-	-	retyped	-
market-census	ts/src/bitbank.ts	withdraw	currency	currency	1	typed:java.util.Map<String, Object>	-	-	retyped	-
market-census	ts/src/bitbns.ts	fetchOrderBook	market	market	1	typed:java.util.Map<String, Object>	-	-	retyped	-
market-census	ts/src/bitbns.ts	createOrder	market	market	1	typed:java.util.Map<String, Object>	-	-	retyped	-
market-census	ts/src/bitbns.ts	cancelOrder	market	market	1	typed:java.util.Map<String, Object>	-	-	retyped	-
market-census	ts/src/bitbns.ts	fetchOrder	market	market	1	typed:java.util.Map<String, Object>	-	-	retyped	-
market-census	ts/src/bitbns.ts	fetchOpenOrders	market	market	1	typed:java.util.Map<String, Object>	-	-	retyped	-
market-census	ts/src/bitbns.ts	fetchMyTrades	market	market	1	typed:java.util.Map<String, Object>	-	-	retyped	-
market-census	ts/src/bitbns.ts	fetchTrades	market	market	1	typed:java.util.Map<String, Object>	-	-	retyped	-
market-census	ts/src/bitbns.ts	fetchDeposits	currency	currency	1	typed:java.util.Map<String, Object>	-	-	retyped	-
market-census	ts/src/bitbns.ts	fetchWithdrawals	currency	currency	1	typed:java.util.Map<String, Object>	-	-	retyped	-
market-census	ts/src/bitbns.ts	fetchDepositAddress	currency	currency	1	typed:java.util.Map<String, Object>	-	-	retyped	-
market-census	ts/src/binance.ts	fetchOrderBook	market	market	1	typed:java.util.Map<String, Object>	-	-	retyped	-
market-census	ts/src/binance.ts	fetchTicker	market	market	1	typed:java.util.Map<String, Object>	-	-	retyped	-
market-census	ts/src/binance.ts	checkNoStockSymbols	symbolMarket	market	1	typed:java.util.Map<String, Object>	-	-	retyped	-
market-census	ts/src/binance.ts	parseTickersForRolling	tickerMarket	safeMarket	4	typed:java.util.Map<String, Object>	-	-	retyped	-
market-census	ts/src/binance.ts	parseTickersForRolling	parsedTicker	parseTicker	1	none	no-table-entry	-	Object	sim-ok
market-census	ts/src/binance.ts	fetchMarkPrice	market	market	1	typed:java.util.Map<String, Object>	-	-	retyped	-
market-census	ts/src/binance.ts	fetchOHLCV	market	market	1	typed:java.util.Map<String, Object>	-	-	retyped	-
market-census	ts/src/binance.ts	fetchTrades	market	market	1	typed:java.util.Map<String, Object>	-	-	retyped	-
market-census	ts/src/binance.ts	editSpotOrder	market	market	1	typed:java.util.Map<String, Object>	-	-	retyped	-
market-census	ts/src/binance.ts	editSpotOrderRequest	market	market	1	typed:java.util.Map<String, Object>	-	-	retyped	-
market-census	ts/src/binance.ts	editContractOrderRequest	market	market	1	typed:java.util.Map<String, Object>	-	-	retyped	-
market-census	ts/src/binance.ts	editContractOrder	market	market	1	typed:java.util.Map<String, Object>	-	-	retyped	-
market-census	ts/src/binance.ts	editOrder	market	market	1	typed:java.util.Map<String, Object>	-	-	retyped	-
market-census	ts/src/binance.ts	editOrders	market	market	1	typed:java.util.Map<String, Object>	-	-	retyped	-
market-census	ts/src/binance.ts	createOrders	market	market	1	typed:java.util.Map<String, Object>	-	-	retyped	-
market-census	ts/src/binance.ts	createOrder	market	market	1	typed:java.util.Map<String, Object>	-	-	retyped	-
market-census	ts/src/binance.ts	createOrderRequest	market	market	1	typed:java.util.Map<String, Object>	-	-	retyped	-
market-census	ts/src/binance.ts	createMarketOrderWithCost	market	market	1	typed:java.util.Map<String, Object>	-	-	retyped	-
market-census	ts/src/binance.ts	createMarketBuyOrderWithCost	market	market	1	typed:java.util.Map<String, Object>	-	-	retyped	-
market-census	ts/src/binance.ts	createMarketSellOrderWithCost	market	market	1	typed:java.util.Map<String, Object>	-	-	retyped	-
market-census	ts/src/binance.ts	fetchOpenOrder	market	market	1	typed:java.util.Map<String, Object>	-	-	retyped	-
market-census	ts/src/binance.ts	cancelAllOrders	order	safeOrder	1	none	no-table-entry	-	Object	sim-ok
market-census	ts/src/binance.ts	cancelOrders	market	market	1	typed:java.util.Map<String, Object>	-	-	retyped	-
market-census	ts/src/binance.ts	fetchOrderTrades	market	market	1	typed:java.util.Map<String, Object>	-	-	retyped	-
market-census	ts/src/binance.ts	fetchMyDustTrades	trades	parseTrades	4	typed:java.util.List<Object>	-	java.util.List<Object>	retyped	-
market-census	ts/src/binance.ts	parseDustTrade	bnb	currency	1	typed:java.util.Map<String, Object>	-	-	retyped	-
market-census	ts/src/binance.ts	transfer	currency	currency	1	typed:java.util.Map<String, Object>	-	-	retyped	-
market-census	ts/src/binance.ts	fetchDepositAddress	currency	currency	1	typed:java.util.Map<String, Object>	-	-	retyped	-
market-census	ts/src/binance.ts	withdraw	currency	currency	1	typed:java.util.Map<String, Object>	-	-	retyped	-
market-census	ts/src/binance.ts	fetchTradingFee	market	market	1	typed:java.util.Map<String, Object>	-	-	retyped	-
market-census	ts/src/binance.ts	futuresTransfer	currency	currency	1	typed:java.util.Map<String, Object>	-	-	retyped	-
market-census	ts/src/binance.ts	fetchFundingRate	market	market	1	typed:java.util.Map<String, Object>	-	-	retyped	-
market-census	ts/src/binance.ts	parseAccountPositions	market	safeMarket	4	typed:java.util.Map<String, Object>	-	-	retyped	-
market-census	ts/src/binance.ts	fetchPosition	market	market	1	typed:java.util.Map<String, Object>	-	-	retyped	-
market-census	ts/src/binance.ts	setLeverage	market	market	1	typed:java.util.Map<String, Object>	-	-	retyped	-
market-census	ts/src/binance.ts	setMarginMode	market	market	1	typed:java.util.Map<String, Object>	-	-	retyped	-
market-census	ts/src/binance.ts	fetchLedgerEntry	currency	currency	1	typed:java.util.Map<String, Object>	-	-	retyped	-
market-census	ts/src/binance.ts	getNetworkCodeByNetworkUrl	currency	currency	1	typed:java.util.Map<String, Object>	-	-	retyped	-
market-census	ts/src/binance.ts	modifyMarginHelper	market	market	1	typed:java.util.Map<String, Object>	-	-	retyped	-
market-census	ts/src/binance.ts	fetchCrossBorrowRate	currency	currency	1	typed:java.util.Map<String, Object>	-	-	retyped	-
market-census	ts/src/binance.ts	fetchIsolatedBorrowRates	market	market	1	typed:java.util.Map<String, Object>	-	-	retyped	-
market-census	ts/src/binance.ts	fetchBorrowRateHistory	currency	currency	1	typed:java.util.Map<String, Object>	-	-	retyped	-
market-census	ts/src/binance.ts	createGiftCode	currency	currency	1	typed:java.util.Map<String, Object>	-	-	retyped	-
market-census	ts/src/binance.ts	fetchBorrowInterest	currency	currency	1	typed:java.util.Map<String, Object>	-	-	retyped	-
market-census	ts/src/binance.ts	repayCrossMargin	currency	currency	1	typed:java.util.Map<String, Object>	-	-	retyped	-
market-census	ts/src/binance.ts	repayIsolatedMargin	currency	currency	1	typed:java.util.Map<String, Object>	-	-	retyped	-
market-census	ts/src/binance.ts	repayIsolatedMargin	market	market	1	typed:java.util.Map<String, Object>	-	-	retyped	-
market-census	ts/src/binance.ts	borrowCrossMargin	currency	currency	1	typed:java.util.Map<String, Object>	-	-	retyped	-
market-census	ts/src/binance.ts	borrowIsolatedMargin	currency	currency	1	typed:java.util.Map<String, Object>	-	-	retyped	-
market-census	ts/src/binance.ts	borrowIsolatedMargin	market	market	1	typed:java.util.Map<String, Object>	-	-	retyped	-
market-census	ts/src/binance.ts	fetchOpenInterestHistory	market	market	1	typed:java.util.Map<String, Object>	-	-	retyped	-
market-census	ts/src/binance.ts	fetchOpenInterest	market	market	1	typed:java.util.Map<String, Object>	-	-	retyped	-
market-census	ts/src/binance.ts	fetchGreeks	market	market	1	typed:java.util.Map<String, Object>	-	-	retyped	-
market-census	ts/src/binance.ts	fetchMarginMode	market	market	1	typed:java.util.Map<String, Object>	-	-	retyped	-
market-census	ts/src/binance.ts	fetchOption	market	market	1	typed:java.util.Map<String, Object>	-	-	retyped	-
market-census	ts/src/binance.ts	fetchMarginAdjustmentHistory	market	market	1	typed:java.util.Map<String, Object>	-	-	retyped	-
market-census	ts/src/binance.ts	fetchConvertQuote	fromCurrency	currency	1	typed:java.util.Map<String, Object>	-	-	retyped	-
market-census	ts/src/binance.ts	fetchConvertQuote	toCurrency	currency	1	typed:java.util.Map<String, Object>	-	-	retyped	-
market-census	ts/src/binance.ts	createConvertTrade	fromCurrency	currency	1	typed:java.util.Map<String, Object>	-	-	retyped	-
market-census	ts/src/binance.ts	createConvertTrade	toCurrency	currency	1	typed:java.util.Map<String, Object>	-	-	retyped	-
market-census	ts/src/binance.ts	fetchConvertTrade	currency	currency	1	typed:java.util.Map<String, Object>	-	-	retyped	-
market-census	ts/src/binance.ts	fetchConvertTradeHistory	currency	currency	1	typed:java.util.Map<String, Object>	-	-	retyped	-
market-census	ts/src/binance.ts	fetchLongShortRatioHistory	market	market	1	typed:java.util.Map<String, Object>	-	-	retyped	-
market-census	ts/src/binance.ts	fetchADLRank	market	market	1	typed:java.util.Map<String, Object>	-	-	retyped	-
market-census	ts/src/bitflyer.ts	fetchOrderBook	market	market	1	typed:java.util.Map<String, Object>	-	-	retyped	-
market-census	ts/src/bitflyer.ts	fetchTicker	market	market	1	typed:java.util.Map<String, Object>	-	-	retyped	-
market-census	ts/src/bitflyer.ts	fetchTrades	market	market	1	typed:java.util.Map<String, Object>	-	-	retyped	-
market-census	ts/src/bitflyer.ts	fetchTradingFee	market	market	1	typed:java.util.Map<String, Object>	-	-	retyped	-
market-census	ts/src/bitflyer.ts	fetchOrders	market	market	1	typed:java.util.Map<String, Object>	-	-	retyped	-
market-census	ts/src/bitflyer.ts	fetchOrders	orders	parseOrders	4	none	unsafe-use:write [orders = this.filterBy (orders, 'symbol', symbol) as Order[]]	-	Object	sim-unsafe:write [orders = this.filterBy (orders, 'symbol', symbol) as Order[]]
market-census	ts/src/bitflyer.ts	fetchMyTrades	market	market	1	typed:java.util.Map<String, Object>	-	-	retyped	-
market-census	ts/src/bitflyer.ts	withdraw	currency	currency	1	typed:java.util.Map<String, Object>	-	-	retyped	-
market-census	ts/src/bitflyer.ts	fetchFundingRate	market	market	1	typed:java.util.Map<String, Object>	-	-	retyped	-
market-census	ts/src/bitfinex.ts	amountToPrecision	market	market	1	typed:java.util.Map<String, Object>	-	-	retyped	-
market-census	ts/src/bitfinex.ts	priceToPrecision	market	market	1	typed:java.util.Map<String, Object>	-	-	retyped	-
market-census	ts/src/bitfinex.ts	transfer	currency	currency	1	typed:java.util.Map<String, Object>	-	-	retyped	-
market-census	ts/src/bitfinex.ts	fetchOrderBook	market	market	1	typed:java.util.Map<String, Object>	-	-	retyped	-
market-census	ts/src/bitfinex.ts	fetchTicker	market	market	1	typed:java.util.Map<String, Object>	-	-	retyped	-
market-census	ts/src/bitfinex.ts	fetchTrades	market	market	1	typed:java.util.Map<String, Object>	-	-	retyped	-
market-census	ts/src/bitfinex.ts	fetchOHLCV	market	market	1	typed:java.util.Map<String, Object>	-	-	retyped	-
market-census	ts/src/bitfinex.ts	createOrderRequest	market	market	1	typed:java.util.Map<String, Object>	-	-	retyped	-
market-census	ts/src/bitfinex.ts	createOrder	market	market	1	typed:java.util.Map<String, Object>	-	-	retyped	-
market-census	ts/src/bitfinex.ts	fetchOrderTrades	market	market	1	typed:java.util.Map<String, Object>	-	-	retyped	-
market-census	ts/src/bitfinex.ts	fetchDepositAddress	currency	currency	1	typed:java.util.Map<String, Object>	-	-	retyped	-
market-census	ts/src/bitfinex.ts	fetchTradingFees	market	market	1	typed:java.util.Map<String, Object>	-	-	retyped	-
market-census	ts/src/bitfinex.ts	withdraw	currency	currency	1	typed:java.util.Map<String, Object>	-	-	retyped	-
market-census	ts/src/bitfinex.ts	fetchFundingRateHistory	market	market	1	typed:java.util.Map<String, Object>	-	-	retyped	-
market-census	ts/src/bitfinex.ts	fetchOpenInterest	market	market	1	typed:java.util.Map<String, Object>	-	-	retyped	-
market-census	ts/src/bitfinex.ts	fetchOpenInterestHistory	market	market	1	typed:java.util.Map<String, Object>	-	-	retyped	-
market-census	ts/src/bitfinex.ts	fetchLiquidations	market	market	1	typed:java.util.Map<String, Object>	-	-	retyped	-
market-census	ts/src/bitfinex.ts	setMargin	market	market	1	typed:java.util.Map<String, Object>	-	-	retyped	-
market-census	ts/src/bitfinex.ts	editOrder	market	market	1	typed:java.util.Map<String, Object>	-	-	retyped	-
market-census	ts/src/bithumb.ts	amountToPrecision	market	market	1	typed:java.util.Map<String, Object>	-	-	retyped	-
market-census	ts/src/bitget.ts	fetchMarketLeverageTiers	market	market	1	typed:java.util.Map<String, Object>	-	-	retyped	-
market-census	ts/src/bithumb.ts	parseBalance	currency	currency	1	typed:java.util.Map<String, Object>	-	-	retyped	-
market-census	ts/src/bithumb.ts	fetchOrderBook	market	market	1	typed:java.util.Map<String, Object>	-	-	retyped	-
market-census	ts/src/bithumb.ts	fetchTickers	market	market	1	typed:java.util.Map<String, Object>	-	-	retyped	-
market-census	ts/src/bithumb.ts	fetchTickers	market	safeMarket	1	typed:java.util.Map<String, Object>	-	-	retyped	-
market-census	ts/src/bithumb.ts	fetchTickers	market	market	1	typed:java.util.Map<String, Object>	-	-	retyped	-
market-census	ts/src/bithumb.ts	fetchTickers	market	safeMarket	1	typed:java.util.Map<String, Object>	-	-	retyped	-
market-census	ts/src/bithumb.ts	fetchTicker	market	market	1	typed:java.util.Map<String, Object>	-	-	retyped	-
market-census	ts/src/bithumb.ts	fetchOHLCV	market	market	1	typed:java.util.Map<String, Object>	-	-	retyped	-
market-census	ts/src/bithumb.ts	fetchTrades	market	market	1	typed:java.util.Map<String, Object>	-	-	retyped	-
market-census	ts/src/bithumb.ts	createOrders	market	market	1	typed:java.util.Map<String, Object>	-	-	retyped	-
market-census	ts/src/bithumb.ts	createOrderRequest	market	market	1	typed:java.util.Map<String, Object>	-	-	retyped	-
market-census	ts/src/bithumb.ts	createOrder	market	market	1	typed:java.util.Map<String, Object>	-	-	retyped	-
market-census	ts/src/bithumb.ts	createTwapOrder	market	market	1	typed:java.util.Map<String, Object>	-	-	retyped	-
market-census	ts/src/bithumb.ts	withdraw	currency	currency	1	typed:java.util.Map<String, Object>	-	-	retyped	-
market-census	ts/src/bithumb.ts	fetchWithdrawal	currency	currency	1	typed:java.util.Map<String, Object>	-	-	retyped	-
market-census	ts/src/bithumb.ts	fetchDeposit	currency	currency	1	typed:java.util.Map<String, Object>	-	-	retyped	-
market-census	ts/src/bithumb.ts	createDepositAddress	currency	currency	1	typed:java.util.Map<String, Object>	-	-	retyped	-
market-census	ts/src/bithumb.ts	fetchDepositAddress	currency	currency	1	typed:java.util.Map<String, Object>	-	-	retyped	-
market-census	ts/src/bitmex.ts	convertFromRealAmount	currency	currency	1	typed:java.util.Map<String, Object>	-	-	retyped	-
market-census	ts/src/bitmex.ts	convertToRealAmount	currency	currency	1	typed:java.util.Map<String, Object>	-	-	retyped	-
market-census	ts/src/bitmex.ts	amountToPrecision	market	market	1	typed:java.util.Map<String, Object>	-	-	retyped	-
market-census	ts/src/bitmex.ts	convertFromRawQuantity	market	market	1	typed:java.util.Map<String, Object>	-	-	retyped	-
market-census	ts/src/bitmex.ts	fetchOrderBook	market	market	1	typed:java.util.Map<String, Object>	-	-	retyped	-
market-census	ts/src/bitmex.ts	fetchTicker	market	market	1	typed:java.util.Map<String, Object>	-	-	retyped	-
market-census	ts/src/bitmex.ts	fetchTickers	ticker	parseTicker	1	none	no-table-entry	-	Object	sim-ok
market-census	ts/src/bitmex.ts	fetchOHLCV	market	market	1	typed:java.util.Map<String, Object>	-	-	retyped	-
market-census	ts/src/bitmex.ts	fetchTrades	market	market	1	typed:java.util.Map<String, Object>	-	-	retyped	-
market-census	ts/src/bitmex.ts	createOrder	market	market	1	typed:java.util.Map<String, Object>	-	-	retyped	-
market-census	ts/src/bitmex.ts	withdraw	currency	currency	1	typed:java.util.Map<String, Object>	-	-	retyped	-
market-census	ts/src/bitmex.ts	fetchFundingRates	market	safeMarket	1	typed:java.util.Map<String, Object>	-	-	retyped	-
market-census	ts/src/bitmex.ts	fetchFundingRateHistory	code	currency	1	typed:java.util.Map<String, Object>	-	-	retyped	-
market-census	ts/src/bitmex.ts	fetchFundingRateHistory	code	currency	1	typed:java.util.Map<String, Object>	-	-	retyped	-
market-census	ts/src/bitmex.ts	setLeverage	market	market	1	typed:java.util.Map<String, Object>	-	-	retyped	-
market-census	ts/src/bitmex.ts	setMarginMode	market	market	1	typed:java.util.Map<String, Object>	-	-	retyped	-
market-census	ts/src/bitmex.ts	fetchDepositAddress	currency	currency	1	typed:java.util.Map<String, Object>	-	-	retyped	-
market-census	ts/src/bitmex.ts	fetchLiquidations	market	market	1	typed:java.util.Map<String, Object>	-	-	retyped	-
market-census	ts/src/bitmex.ts	closePosition	market	market	1	typed:java.util.Map<String, Object>	-	-	retyped	-
market-census	ts/src/bitopro.ts	fetchTicker	market	market	1	typed:java.util.Map<String, Object>	-	-	retyped	-
market-census	ts/src/bitget.ts	fetchMarketLeverageTiers	currency	currency	1	typed:java.util.Map<String, Object>	-	-	retyped	-
market-census	ts/src/bitget.ts	withdraw	currency	currency	1	typed:java.util.Map<String, Object>	-	-	retyped	-
market-census	ts/src/bitget.ts	fetchDepositAddress	currency	currency	1	typed:java.util.Map<String, Object>	-	-	retyped	-
market-census	ts/src/bitget.ts	fetchOrderBook	market	market	1	typed:java.util.Map<String, Object>	-	-	retyped	-
market-census	ts/src/bitget.ts	fetchTicker	market	market	1	typed:java.util.Map<String, Object>	-	-	retyped	-
market-census	ts/src/bitget.ts	fetchMarkPrice	market	market	1	typed:java.util.Map<String, Object>	-	-	retyped	-
market-census	ts/src/bitget.ts	fetchTrades	market	market	1	typed:java.util.Map<String, Object>	-	-	retyped	-
market-census	ts/src/bitget.ts	fetchTradingFee	market	market	1	typed:java.util.Map<String, Object>	-	-	retyped	-
market-census	ts/src/bitget.ts	fetchTradingFees	market	market	1	typed:java.util.Map<String, Object>	-	-	retyped	-
market-census	ts/src/bitget.ts	fetchOHLCV	market	market	1	typed:java.util.Map<String, Object>	-	-	retyped	-
market-census	ts/src/bitget.ts	createMarketBuyOrderWithCost	market	market	1	typed:java.util.Map<String, Object>	-	-	retyped	-
market-census	ts/src/bitget.ts	createOrder	market	market	1	typed:java.util.Map<String, Object>	-	-	retyped	-
market-census	ts/src/bitget.ts	createUtaOrderRequest	market	market	1	typed:java.util.Map<String, Object>	-	-	retyped	-
market-census	ts/src/bitget.ts	createOrderRequest	market	market	1	typed:java.util.Map<String, Object>	-	-	retyped	-
market-census	ts/src/bitget.ts	createUtaOrders	market	market	1	typed:java.util.Map<String, Object>	-	-	retyped	-
market-census	ts/src/bitget.ts	createOrders	market	market	1	typed:java.util.Map<String, Object>	-	-	retyped	-
market-census	ts/src/bitget.ts	editOrder	market	market	1	typed:java.util.Map<String, Object>	-	-	retyped	-
market-census	ts/src/bitget.ts	cancelOrder	market	market	1	typed:java.util.Map<String, Object>	-	-	retyped	-
market-census	ts/src/bitget.ts	cancelUtaOrders	market	market	1	typed:java.util.Map<String, Object>	-	-	retyped	-
market-census	ts/src/bitget.ts	cancelOrders	market	market	1	typed:java.util.Map<String, Object>	-	-	retyped	-
market-census	ts/src/bitget.ts	cancelAllOrders	market	market	1	typed:java.util.Map<String, Object>	-	-	retyped	-
market-census	ts/src/bitget.ts	fetchOrder	market	market	1	typed:java.util.Map<String, Object>	-	-	retyped	-
market-census	ts/src/bitget.ts	fetchMyTrades	market	market	1	typed:java.util.Map<String, Object>	-	-	retyped	-
market-census	ts/src/bitget.ts	fetchPosition	market	market	1	typed:java.util.Map<String, Object>	-	-	retyped	-
market-census	ts/src/bitget.ts	fetchFundingRateHistory	market	market	1	typed:java.util.Map<String, Object>	-	-	retyped	-
market-census	ts/src/bitget.ts	fetchFundingRate	market	market	1	typed:java.util.Map<String, Object>	-	-	retyped	-
market-census	ts/src/bitget.ts	fetchFundingHistory	market	market	1	typed:java.util.Map<String, Object>	-	-	retyped	-
market-census	ts/src/bitget.ts	modifyMarginHelper	market	market	1	typed:java.util.Map<String, Object>	-	-	retyped	-
market-census	ts/src/bitget.ts	fetchLeverage	market	market	1	typed:java.util.Map<String, Object>	-	-	retyped	-
market-census	ts/src/bitget.ts	setLeverage	market	market	1	typed:java.util.Map<String, Object>	-	-	retyped	-
market-census	ts/src/bitget.ts	setMarginMode	market	market	1	typed:java.util.Map<String, Object>	-	-	retyped	-
market-census	ts/src/bitget.ts	fetchOpenInterest	market	market	1	typed:java.util.Map<String, Object>	-	-	retyped	-
market-census	ts/src/bitget.ts	fetchTransfers	currency	currency	1	typed:java.util.Map<String, Object>	-	-	retyped	-
market-census	ts/src/bitget.ts	transfer	currency	currency	1	typed:java.util.Map<String, Object>	-	-	retyped	-
market-census	ts/src/bitget.ts	borrowCrossMargin	currency	currency	1	typed:java.util.Map<String, Object>	-	-	retyped	-
market-census	ts/src/bitget.ts	borrowIsolatedMargin	currency	currency	1	typed:java.util.Map<String, Object>	-	-	retyped	-
market-census	ts/src/bitget.ts	borrowIsolatedMargin	market	market	1	typed:java.util.Map<String, Object>	-	-	retyped	-
market-census	ts/src/bitget.ts	repayIsolatedMargin	currency	currency	1	typed:java.util.Map<String, Object>	-	-	retyped	-
market-census	ts/src/bitget.ts	repayIsolatedMargin	market	market	1	typed:java.util.Map<String, Object>	-	-	retyped	-
market-census	ts/src/bitget.ts	repayCrossMargin	currency	currency	1	typed:java.util.Map<String, Object>	-	-	retyped	-
market-census	ts/src/bitget.ts	fetchIsolatedBorrowRate	market	market	1	typed:java.util.Map<String, Object>	-	-	retyped	-
market-census	ts/src/bitget.ts	fetchCrossBorrowRate	currency	currency	1	typed:java.util.Map<String, Object>	-	-	retyped	-
market-census	ts/src/bitget.ts	closePosition	market	market	1	typed:java.util.Map<String, Object>	-	-	retyped	-
market-census	ts/src/bitget.ts	fetchMarginMode	market	market	1	typed:java.util.Map<String, Object>	-	-	retyped	-
market-census	ts/src/bitget.ts	fetchConvertQuote	fromCurrency	currency	1	typed:java.util.Map<String, Object>	-	-	retyped	-
market-census	ts/src/bitget.ts	fetchConvertQuote	toCurrency	currency	1	typed:java.util.Map<String, Object>	-	-	retyped	-
market-census	ts/src/bitget.ts	createConvertTrade	toCurrency	currency	1	typed:java.util.Map<String, Object>	-	-	retyped	-
market-census	ts/src/bitget.ts	fetchFundingInterval	market	market	1	typed:java.util.Map<String, Object>	-	-	retyped	-
market-census	ts/src/bitget.ts	fetchLongShortRatioHistory	market	market	1	typed:java.util.Map<String, Object>	-	-	retyped	-
market-census	ts/src/bitopro.ts	fetchOrderBook	market	market	1	typed:java.util.Map<String, Object>	-	-	retyped	-
market-census	ts/src/bitopro.ts	fetchTrades	market	market	1	typed:java.util.Map<String, Object>	-	-	retyped	-
market-census	ts/src/bitopro.ts	fetchOHLCV	market	market	1	typed:java.util.Map<String, Object>	-	-	retyped	-
market-census	ts/src/bitopro.ts	createOrder	market	market	1	typed:java.util.Map<String, Object>	-	-	retyped	-
market-census	ts/src/bitopro.ts	cancelOrder	market	market	1	typed:java.util.Map<String, Object>	-	-	retyped	-
market-census	ts/src/bitopro.ts	cancelOrders	market	market	1	typed:java.util.Map<String, Object>	-	-	retyped	-
market-census	ts/src/bitopro.ts	cancelAllOrders	market	market	1	typed:java.util.Map<String, Object>	-	-	retyped	-
market-census	ts/src/bitopro.ts	fetchOrder	market	market	1	typed:java.util.Map<String, Object>	-	-	retyped	-
market-census	ts/src/bitopro.ts	fetchOrders	market	market	1	typed:java.util.Map<String, Object>	-	-	retyped	-
market-census	ts/src/bitopro.ts	fetchMyTrades	market	market	1	typed:java.util.Map<String, Object>	-	-	retyped	-
market-census	ts/src/bitopro.ts	fetchDeposits	currency	safeCurrency	1	typed:java.util.Map<String, Object>	-	-	retyped	-
market-census	ts/src/bitopro.ts	fetchWithdrawals	currency	safeCurrency	1	typed:java.util.Map<String, Object>	-	-	retyped	-
market-census	ts/src/bitopro.ts	fetchWithdrawal	currency	safeCurrency	1	typed:java.util.Map<String, Object>	-	-	retyped	-
market-census	ts/src/bitopro.ts	withdraw	currency	currency	1	typed:java.util.Map<String, Object>	-	-	retyped	-
market-census	ts/src/bitso.ts	fetchLedger	currency	safeCurrency	1	typed:java.util.Map<String, Object>	-	-	retyped	-
market-census	ts/src/bitrue.ts	fetchOrderBook	market	market	1	typed:java.util.Map<String, Object>	-	-	retyped	-
market-census	ts/src/bitso.ts	fetchOrderBook	market	market	1	typed:java.util.Map<String, Object>	-	-	retyped	-
market-census	ts/src/bitso.ts	fetchTicker	market	market	1	typed:java.util.Map<String, Object>	-	-	retyped	-
market-census	ts/src/bitso.ts	fetchOHLCV	market	market	1	typed:java.util.Map<String, Object>	-	-	retyped	-
market-census	ts/src/bitso.ts	fetchTrades	market	market	1	typed:java.util.Map<String, Object>	-	-	retyped	-
market-census	ts/src/bitso.ts	fetchMyTrades	market	market	1	typed:java.util.Map<String, Object>	-	-	retyped	-
market-census	ts/src/bitso.ts	createOrder	market	market	1	typed:java.util.Map<String, Object>	-	-	retyped	-
market-census	ts/src/bitso.ts	cancelAllOrders	order	parseOrder	1	none	no-table-entry	-	Object	sim-ok
market-census	ts/src/bitso.ts	fetchOpenOrders	market	market	1	typed:java.util.Map<String, Object>	-	-	retyped	-
market-census	ts/src/bitso.ts	fetchOpenOrders	orders	parseOrders	4	typed:java.util.List<Object>	-	java.util.List<Object>	retyped	-
market-census	ts/src/bitso.ts	fetchOrderTrades	market	market	1	typed:java.util.Map<String, Object>	-	-	retyped	-
market-census	ts/src/bitso.ts	fetchDepositAddress	currency	currency	1	typed:java.util.Map<String, Object>	-	-	retyped	-
market-census	ts/src/bitso.ts	withdraw	currency	currency	1	typed:java.util.Map<String, Object>	-	-	retyped	-
market-census	ts/src/bitrue.ts	fetchTicker	market	market	1	typed:java.util.Map<String, Object>	-	-	retyped	-
market-census	ts/src/bitrue.ts	fetchOHLCV	market	market	1	typed:java.util.Map<String, Object>	-	-	retyped	-
market-census	ts/src/bitrue.ts	fetchBidsAsks	market	market	1	typed:java.util.Map<String, Object>	-	-	retyped	-
market-census	ts/src/bitrue.ts	fetchTickers	market	market	1	typed:java.util.Map<String, Object>	-	-	retyped	-
market-census	ts/src/bitrue.ts	fetchTickers	market	safeMarket	1	typed:java.util.Map<String, Object>	-	-	retyped	-
market-census	ts/src/bitrue.ts	fetchTrades	market	market	1	typed:java.util.Map<String, Object>	-	-	retyped	-
market-census	ts/src/bitrue.ts	createMarketBuyOrderWithCost	market	market	1	typed:java.util.Map<String, Object>	-	-	retyped	-
market-census	ts/src/bitrue.ts	createOrder	market	market	1	typed:java.util.Map<String, Object>	-	-	retyped	-
market-census	ts/src/bitrue.ts	fetchOrder	market	market	1	typed:java.util.Map<String, Object>	-	-	retyped	-
market-census	ts/src/bitrue.ts	fetchClosedOrders	market	market	1	typed:java.util.Map<String, Object>	-	-	retyped	-
market-census	ts/src/bitrue.ts	fetchOpenOrders	market	market	1	typed:java.util.Map<String, Object>	-	-	retyped	-
market-census	ts/src/bitrue.ts	cancelOrder	market	market	1	typed:java.util.Map<String, Object>	-	-	retyped	-
market-census	ts/src/bitrue.ts	cancelAllOrders	market	market	1	typed:java.util.Map<String, Object>	-	-	retyped	-
market-census	ts/src/bitrue.ts	fetchMyTrades	market	market	1	typed:java.util.Map<String, Object>	-	-	retyped	-
market-census	ts/src/bitrue.ts	fetchDeposits	currency	currency	1	typed:java.util.Map<String, Object>	-	-	retyped	-
market-census	ts/src/bitrue.ts	fetchWithdrawals	currency	currency	1	typed:java.util.Map<String, Object>	-	-	retyped	-
market-census	ts/src/bitrue.ts	withdraw	currency	currency	1	typed:java.util.Map<String, Object>	-	-	retyped	-
market-census	ts/src/bitrue.ts	transfer	currency	currency	1	typed:java.util.Map<String, Object>	-	-	retyped	-
market-census	ts/src/bitrue.ts	setLeverage	market	market	1	typed:java.util.Map<String, Object>	-	-	retyped	-
market-census	ts/src/bitrue.ts	setMargin	market	market	1	typed:java.util.Map<String, Object>	-	-	retyped	-
market-census	ts/src/bitstamp.ts	fetchOrderBook	market	market	1	typed:java.util.Map<String, Object>	-	-	retyped	-
market-census	ts/src/bitteam.ts	fetchCurrencies	result	parseCurrencies	1	none	no-table-entry	-	Object	sim-ok
market-census	ts/src/bitteam.ts	fetchOHLCV	market	market	1	typed:java.util.Map<String, Object>	-	-	retyped	-
market-census	ts/src/bitteam.ts	fetchOrderBook	market	market	1	typed:java.util.Map<String, Object>	-	-	retyped	-
market-census	ts/src/bitteam.ts	createOrder	market	market	1	typed:java.util.Map<String, Object>	-	-	retyped	-
market-census	ts/src/bitteam.ts	fetchTickers	ticker	parseTicker	1	none	no-table-entry	-	Object	sim-ok
market-census	ts/src/bitteam.ts	fetchTicker	market	market	1	typed:java.util.Map<String, Object>	-	-	retyped	-
market-census	ts/src/bitteam.ts	fetchTrades	market	market	1	typed:java.util.Map<String, Object>	-	-	retyped	-
market-census	ts/src/bitstamp.ts	fetchTicker	market	market	1	typed:java.util.Map<String, Object>	-	-	retyped	-
market-census	ts/src/bitstamp.ts	fetchTrades	market	market	1	typed:java.util.Map<String, Object>	-	-	retyped	-
market-census	ts/src/bitstamp.ts	fetchOHLCV	market	market	1	typed:java.util.Map<String, Object>	-	-	retyped	-
market-census	ts/src/bitstamp.ts	fetchTradingFee	market	market	1	typed:java.util.Map<String, Object>	-	-	retyped	-
market-census	ts/src/bitstamp.ts	createOrder	market	market	1	typed:java.util.Map<String, Object>	-	-	retyped	-
market-census	ts/src/bitstamp.ts	createOrder	order	parseOrder	2	none	no-table-entry	-	Object	sim-ok
market-census	ts/src/bitstamp.ts	editOrder	market	market	1	typed:java.util.Map<String, Object>	-	-	retyped	-
market-census	ts/src/bitstamp.ts	editOrder	order	parseOrder	2	none	no-table-entry	-	Object	sim-ok
market-census	ts/src/bitstamp.ts	parseLedgerEntry	parsedTrade	parseTrade	1	none	no-table-entry	-	Object	sim-ok
market-census	ts/src/bitstamp.ts	fetchFundingRate	market	market	1	typed:java.util.Map<String, Object>	-	-	retyped	-
market-census	ts/src/bitstamp.ts	transfer	currency	currency	1	typed:java.util.Map<String, Object>	-	-	retyped	-
market-census	ts/src/bittrade.ts	fetchOrderBook	market	market	1	typed:java.util.Map<String, Object>	-	-	retyped	-
market-census	ts/src/bitvavo.ts	fetchTicker	market	market	1	typed:java.util.Map<String, Object>	-	-	retyped	-
market-census	ts/src/bittrade.ts	fetchTicker	market	market	1	typed:java.util.Map<String, Object>	-	-	retyped	-
market-census	ts/src/bittrade.ts	fetchTicker	ticker	parseTicker	2	none	no-table-entry	-	Object	sim-ok
market-census	ts/src/bittrade.ts	fetchTickers	market	safeMarket	1	typed:java.util.Map<String, Object>	-	-	retyped	-
market-census	ts/src/bittrade.ts	fetchTickers	ticker	parseTicker	2	none	no-table-entry	-	Object	sim-ok
market-census	ts/src/bittrade.ts	fetchTrades	market	market	1	typed:java.util.Map<String, Object>	-	-	retyped	-
market-census	ts/src/bittrade.ts	fetchTrades	trade	parseTrade	2	none	no-table-entry	-	Object	sim-ok
market-census	ts/src/bittrade.ts	fetchOHLCV	market	market	1	typed:java.util.Map<String, Object>	-	-	retyped	-
market-census	ts/src/bittrade.ts	createMarketBuyOrderWithCost	market	market	1	typed:java.util.Map<String, Object>	-	-	retyped	-
market-census	ts/src/bittrade.ts	createOrder	market	market	1	typed:java.util.Map<String, Object>	-	-	retyped	-
market-census	ts/src/bittrade.ts	withdraw	currency	currency	1	typed:java.util.Map<String, Object>	-	-	retyped	-
market-census	ts/src/bitvavo.ts	fetchTrades	market	market	1	typed:java.util.Map<String, Object>	-	-	retyped	-
market-census	ts/src/bitvavo.ts	fetchTradingFee	market	market	1	typed:java.util.Map<String, Object>	-	-	retyped	-
market-census	ts/src/bitvavo.ts	fetchOrderBook	market	market	1	typed:java.util.Map<String, Object>	-	-	retyped	-
market-census	ts/src/bitvavo.ts	fetchOHLCVRequest	market	market	1	typed:java.util.Map<String, Object>	-	-	retyped	-
market-census	ts/src/bitvavo.ts	fetchOHLCV	market	market	1	typed:java.util.Map<String, Object>	-	-	retyped	-
market-census	ts/src/bitvavo.ts	transfer	currency	currency	1	typed:java.util.Map<String, Object>	-	-	retyped	-
market-census	ts/src/bitvavo.ts	fetchDepositAddress	currency	currency	1	typed:java.util.Map<String, Object>	-	-	retyped	-
market-census	ts/src/bitvavo.ts	createOrderRequest	market	market	1	typed:java.util.Map<String, Object>	-	-	retyped	-
market-census	ts/src/bitvavo.ts	createOrder	market	market	1	typed:java.util.Map<String, Object>	-	-	retyped	-
market-census	ts/src/bitvavo.ts	editOrderRequest	market	market	1	typed:java.util.Map<String, Object>	-	-	retyped	-
market-census	ts/src/bitvavo.ts	editOrder	market	market	1	typed:java.util.Map<String, Object>	-	-	retyped	-
market-census	ts/src/bitvavo.ts	cancelOrderRequest	market	market	1	typed:java.util.Map<String, Object>	-	-	retyped	-
market-census	ts/src/bitvavo.ts	cancelOrder	market	market	1	typed:java.util.Map<String, Object>	-	-	retyped	-
market-census	ts/src/bitvavo.ts	fetchOrder	market	market	1	typed:java.util.Map<String, Object>	-	-	retyped	-
market-census	ts/src/bitvavo.ts	fetchOrdersRequest	market	market	1	typed:java.util.Map<String, Object>	-	-	retyped	-
market-census	ts/src/bitvavo.ts	fetchOrders	market	market	1	typed:java.util.Map<String, Object>	-	-	retyped	-
market-census	ts/src/bitvavo.ts	fetchMyTradesRequest	market	market	1	typed:java.util.Map<String, Object>	-	-	retyped	-
market-census	ts/src/bitvavo.ts	fetchMyTrades	market	market	1	typed:java.util.Map<String, Object>	-	-	retyped	-
market-census	ts/src/bitvavo.ts	withdrawRequest	currency	currency	1	typed:java.util.Map<String, Object>	-	-	retyped	-
market-census	ts/src/bitvavo.ts	withdraw	currency	currency	1	typed:java.util.Map<String, Object>	-	-	retyped	-
market-census	ts/src/blockchaincom.ts	fetchL3OrderBook	market	market	1	typed:java.util.Map<String, Object>	-	-	retyped	-
market-census	ts/src/blockchaincom.ts	fetchL2OrderBook	market	market	1	typed:java.util.Map<String, Object>	-	-	retyped	-
market-census	ts/src/blockchaincom.ts	fetchTicker	market	market	1	typed:java.util.Map<String, Object>	-	-	retyped	-
market-census	ts/src/blockchaincom.ts	parseOrder	result	safeOrder	1	none	no-table-entry	-	Object	sim-ok
market-census	ts/src/blockchaincom.ts	createOrder	market	market	1	typed:java.util.Map<String, Object>	-	-	retyped	-
market-census	ts/src/blockchaincom.ts	fetchDepositAddress	currency	currency	1	typed:java.util.Map<String, Object>	-	-	retyped	-
market-census	ts/src/blockchaincom.ts	withdraw	currency	currency	1	typed:java.util.Map<String, Object>	-	-	retyped	-
market-census	ts/src/blofin.ts	fetchOrderBook	market	market	1	typed:java.util.Map<String, Object>	-	-	retyped	-
market-census	ts/src/btcbox.ts	parseBalance	currency	currency	1	typed:java.util.Map<String, Object>	-	-	retyped	-
market-census	ts/src/btcbox.ts	fetchOrderBook	market	market	1	typed:java.util.Map<String, Object>	-	-	retyped	-
market-census	ts/src/btcbox.ts	fetchTicker	market	market	1	typed:java.util.Map<String, Object>	-	-	retyped	-
market-census	ts/src/btcbox.ts	fetchTrades	market	market	1	typed:java.util.Map<String, Object>	-	-	retyped	-
market-census	ts/src/btcbox.ts	createOrder	market	market	1	typed:java.util.Map<String, Object>	-	-	retyped	-
market-census	ts/src/btcbox.ts	cancelOrder	market	market	1	typed:java.util.Map<String, Object>	-	-	retyped	-
market-census	ts/src/btcbox.ts	fetchOrder	market	market	1	typed:java.util.Map<String, Object>	-	-	retyped	-
market-census	ts/src/btcbox.ts	fetchOrdersByType	market	market	1	typed:java.util.Map<String, Object>	-	-	retyped	-
market-census	ts/src/btcbox.ts	fetchOrdersByType	orders	parseOrders	4	typed:java.util.List<Object>	-	java.util.List<Object>	retyped	-
market-census	ts/src/btcmarkets.ts	fetchOHLCV	market	market	1	typed:java.util.Map<String, Object>	-	-	retyped	-
market-census	ts/src/blofin.ts	fetchTicker	market	market	1	typed:java.util.Map<String, Object>	-	-	retyped	-
market-census	ts/src/blofin.ts	fetchMarkPrice	market	market	1	typed:java.util.Map<String, Object>	-	-	retyped	-
market-census	ts/src/blofin.ts	fetchTrades	market	market	1	typed:java.util.Map<String, Object>	-	-	retyped	-
market-census	ts/src/blofin.ts	fetchOHLCV	market	market	1	typed:java.util.Map<String, Object>	-	-	retyped	-
market-census	ts/src/blofin.ts	fetchFundingRateHistory	market	market	1	typed:java.util.Map<String, Object>	-	-	retyped	-
market-census	ts/src/blofin.ts	fetchFundingRate	market	market	1	typed:java.util.Map<String, Object>	-	-	retyped	-
market-census	ts/src/blofin.ts	createOrderRequest	market	market	1	typed:java.util.Map<String, Object>	-	-	retyped	-
market-census	ts/src/blofin.ts	createOrder	market	market	1	typed:java.util.Map<String, Object>	-	-	retyped	-
market-census	ts/src/blofin.ts	createOrder	order	parseOrder	2	none	no-table-entry	-	Object	sim-ok
market-census	ts/src/blofin.ts	createTpslOrderRequest	market	market	1	typed:java.util.Map<String, Object>	-	-	retyped	-
market-census	ts/src/blofin.ts	cancelOrder	market	market	1	typed:java.util.Map<String, Object>	-	-	retyped	-
market-census	ts/src/blofin.ts	cancelOrders	market	market	1	typed:java.util.Map<String, Object>	-	-	retyped	-
market-census	ts/src/blofin.ts	transfer	currency	currency	1	typed:java.util.Map<String, Object>	-	-	retyped	-
market-census	ts/src/blofin.ts	fetchPosition	market	market	1	typed:java.util.Map<String, Object>	-	-	retyped	-
market-census	ts/src/blofin.ts	fetchLeverages	entryMarket	market	1	typed:java.util.Map<String, Object>	-	-	retyped	-
market-census	ts/src/blofin.ts	fetchLeverage	market	market	1	typed:java.util.Map<String, Object>	-	-	retyped	-
market-census	ts/src/blofin.ts	setLeverage	market	market	1	typed:java.util.Map<String, Object>	-	-	retyped	-
market-census	ts/src/blofin.ts	closePosition	market	market	1	typed:java.util.Map<String, Object>	-	-	retyped	-
market-census	ts/src/blofin.ts	fetchMarginMode	market	market	1	typed:java.util.Map<String, Object>	-	-	retyped	-
market-census	ts/src/btcmarkets.ts	fetchOrderBook	market	market	1	typed:java.util.Map<String, Object>	-	-	retyped	-
market-census	ts/src/btcmarkets.ts	fetchTicker	market	market	1	typed:java.util.Map<String, Object>	-	-	retyped	-
market-census	ts/src/btcmarkets.ts	fetchTicker2	market	market	1	typed:java.util.Map<String, Object>	-	-	retyped	-
market-census	ts/src/btcmarkets.ts	fetchTrades	market	market	1	typed:java.util.Map<String, Object>	-	-	retyped	-
market-census	ts/src/btcmarkets.ts	createOrder	market	market	1	typed:java.util.Map<String, Object>	-	-	retyped	-
market-census	ts/src/btcmarkets.ts	calculateFee	market	market	1	typed:java.util.Map<String, Object>	-	-	retyped	-
market-census	ts/src/btcmarkets.ts	withdraw	currency	currency	1	typed:java.util.Map<String, Object>	-	-	retyped	-
market-census	ts/src/btcturk.ts	fetchOrderBook	market	market	1	typed:java.util.Map<String, Object>	-	-	retyped	-
market-census	ts/src/btcturk.ts	fetchTrades	market	market	1	typed:java.util.Map<String, Object>	-	-	retyped	-
market-census	ts/src/btcturk.ts	fetchOHLCV	market	market	1	typed:java.util.Map<String, Object>	-	-	retyped	-
market-census	ts/src/btcturk.ts	createOrder	market	market	1	typed:java.util.Map<String, Object>	-	-	retyped	-
market-census	ts/src/btcturk.ts	fetchOrders	market	market	1	typed:java.util.Map<String, Object>	-	-	retyped	-
market-census	ts/src/btse.ts	fetchOHLCV	market	market	1	typed:java.util.Map<String, Object>	-	-	retyped	-
market-census	ts/src/bullish.ts	fetchOrderBook	market	market	1	typed:java.util.Map<String, Object>	-	-	retyped	-
market-census	ts/src/btse.ts	fetchOrderBook	market	market	1	typed:java.util.Map<String, Object>	-	-	retyped	-
market-census	ts/src/btse.ts	fetchFundingRateHistory	market	market	1	typed:java.util.Map<String, Object>	-	-	retyped	-
market-census	ts/src/btse.ts	fetchLeverageTiers	market	market	1	typed:java.util.Map<String, Object>	-	-	retyped	-
market-census	ts/src/btse.ts	fetchLeverageTiers	market	safeMarket	1	typed:java.util.Map<String, Object>	-	-	retyped	-
market-census	ts/src/btse.ts	fetchMarketLeverageTiers	market	market	1	typed:java.util.Map<String, Object>	-	-	retyped	-
market-census	ts/src/btse.ts	fetchTicker	market	market	1	typed:java.util.Map<String, Object>	-	-	retyped	-
market-census	ts/src/btse.ts	fetchOpenInterest	market	market	1	typed:java.util.Map<String, Object>	-	-	retyped	-
market-census	ts/src/btse.ts	fetchFundingRate	market	market	1	typed:java.util.Map<String, Object>	-	-	retyped	-
market-census	ts/src/btse.ts	fetchTrades	market	market	1	typed:java.util.Map<String, Object>	-	-	retyped	-
market-census	ts/src/btse.ts	fetchTrades	trades	parseTrades	4	typed:java.util.List<Object>	-	java.util.List<Object>	retyped	-
market-census	ts/src/btse.ts	createOrder	market	market	1	typed:java.util.Map<String, Object>	-	-	retyped	-
market-census	ts/src/btse.ts	createSpotOrder	market	market	1	typed:java.util.Map<String, Object>	-	-	retyped	-
market-census	ts/src/btse.ts	createContractOrder	market	market	1	typed:java.util.Map<String, Object>	-	-	retyped	-
market-census	ts/src/btse.ts	editOrder	market	market	1	typed:java.util.Map<String, Object>	-	-	retyped	-
market-census	ts/src/btse.ts	cancelOrder	market	market	1	typed:java.util.Map<String, Object>	-	-	retyped	-
market-census	ts/src/btse.ts	fetchTradingFees	market	safeMarket	1	typed:java.util.Map<String, Object>	-	-	retyped	-
market-census	ts/src/btse.ts	fetchTradingFee	market	market	1	typed:java.util.Map<String, Object>	-	-	retyped	-
market-census	ts/src/btse.ts	fetchPositionsForSymbol	market	market	1	typed:java.util.Map<String, Object>	-	-	retyped	-
market-census	ts/src/btse.ts	fetchPositionMode	market	market	1	typed:java.util.Map<String, Object>	-	-	retyped	-
market-census	ts/src/btse.ts	setPositionMode	market	market	1	typed:java.util.Map<String, Object>	-	-	retyped	-
market-census	ts/src/btse.ts	fetchMarginMode	market	market	1	typed:java.util.Map<String, Object>	-	-	retyped	-
market-census	ts/src/btse.ts	setMarginMode	market	market	1	typed:java.util.Map<String, Object>	-	-	retyped	-
market-census	ts/src/btse.ts	closePosition	market	market	1	typed:java.util.Map<String, Object>	-	-	retyped	-
market-census	ts/src/btse.ts	fetchLeverage	market	market	1	typed:java.util.Map<String, Object>	-	-	retyped	-
market-census	ts/src/btse.ts	setLeverage	market	market	1	typed:java.util.Map<String, Object>	-	-	retyped	-
market-census	ts/src/bullish.ts	fetchTrades	market	market	1	typed:java.util.Map<String, Object>	-	-	retyped	-
market-census	ts/src/bullish.ts	fetchTicker	market	market	1	typed:java.util.Map<String, Object>	-	-	retyped	-
market-census	ts/src/bullish.ts	fetchOHLCV	market	market	1	typed:java.util.Map<String, Object>	-	-	retyped	-
market-census	ts/src/bullish.ts	fetchFundingRateHistory	market	market	1	typed:java.util.Map<String, Object>	-	-	retyped	-
market-census	ts/src/bullish.ts	createOrder	market	market	1	typed:java.util.Map<String, Object>	-	-	retyped	-
market-census	ts/src/bullish.ts	editOrder	market	market	1	typed:java.util.Map<String, Object>	-	-	retyped	-
market-census	ts/src/bullish.ts	cancelOrder	market	market	1	typed:java.util.Map<String, Object>	-	-	retyped	-
market-census	ts/src/bullish.ts	withdraw	currency	currency	1	typed:java.util.Map<String, Object>	-	-	retyped	-
market-census	ts/src/bullish.ts	fetchDepositAddress	currency	currency	1	typed:java.util.Map<String, Object>	-	-	retyped	-
market-census	ts/src/bullish.ts	transfer	currency	currency	1	typed:java.util.Map<String, Object>	-	-	retyped	-
market-census	ts/src/bullish.ts	fetchBorrowRateHistory	currency	currency	1	typed:java.util.Map<String, Object>	-	-	retyped	-
market-census	ts/src/bullish.ts	fetchOpenInterest	market	market	1	typed:java.util.Map<String, Object>	-	-	retyped	-
market-census	ts/src/bydfi.ts	fetchOrderBook	market	market	1	typed:java.util.Map<String, Object>	-	-	retyped	-
market-census	ts/src/bybit.ts	getAmount	market	market	1	typed:java.util.Map<String, Object>	-	-	retyped	-
market-census	ts/src/bydfi.ts	fetchTrades	market	market	1	typed:java.util.Map<String, Object>	-	-	retyped	-
market-census	ts/src/bydfi.ts	fetchOHLCV	market	market	1	typed:java.util.Map<String, Object>	-	-	retyped	-
market-census	ts/src/bydfi.ts	fetchTicker	market	market	1	typed:java.util.Map<String, Object>	-	-	retyped	-
market-census	ts/src/bydfi.ts	fetchFundingRate	market	market	1	typed:java.util.Map<String, Object>	-	-	retyped	-
market-census	ts/src/bydfi.ts	fetchFundingRateHistory	market	market	1	typed:java.util.Map<String, Object>	-	-	retyped	-
market-census	ts/src/bydfi.ts	createOrder	market	market	1	typed:java.util.Map<String, Object>	-	-	retyped	-
market-census	ts/src/bydfi.ts	createOrderRequest	market	market	1	typed:java.util.Map<String, Object>	-	-	retyped	-
market-census	ts/src/bydfi.ts	createEditOrderRequest	market	market	1	typed:java.util.Map<String, Object>	-	-	retyped	-
market-census	ts/src/bydfi.ts	cancelAllOrders	market	market	1	typed:java.util.Map<String, Object>	-	-	retyped	-
market-census	ts/src/bydfi.ts	fetchOpenOrders	market	market	1	typed:java.util.Map<String, Object>	-	-	retyped	-
market-census	ts/src/bydfi.ts	fetchOpenOrder	market	market	1	typed:java.util.Map<String, Object>	-	-	retyped	-
market-census	ts/src/bydfi.ts	setLeverage	market	market	1	typed:java.util.Map<String, Object>	-	-	retyped	-
market-census	ts/src/bydfi.ts	fetchLeverage	market	market	1	typed:java.util.Map<String, Object>	-	-	retyped	-
market-census	ts/src/bydfi.ts	fetchPositionsForSymbol	market	market	1	typed:java.util.Map<String, Object>	-	-	retyped	-
market-census	ts/src/bydfi.ts	fetchPositionHistory	market	market	1	typed:java.util.Map<String, Object>	-	-	retyped	-
market-census	ts/src/bydfi.ts	fetchMarginMode	market	market	1	typed:java.util.Map<String, Object>	-	-	retyped	-
market-census	ts/src/bydfi.ts	setMarginMode	market	market	1	typed:java.util.Map<String, Object>	-	-	retyped	-
market-census	ts/src/bydfi.ts	fetchPositionMode	market	market	1	typed:java.util.Map<String, Object>	-	-	retyped	-
market-census	ts/src/bydfi.ts	transfer	currency	currency	1	typed:java.util.Map<String, Object>	-	-	retyped	-
market-census	ts/src/bydfi.ts	fetchTransfers	currency	currency	1	typed:java.util.Map<String, Object>	-	-	retyped	-
market-census	ts/src/bydfi.ts	fetchTransactionsHelper	currency	currency	1	typed:java.util.Map<String, Object>	-	-	retyped	-
market-census	ts/src/cex.ts	fetchTrades	market	market	1	typed:java.util.Map<String, Object>	-	-	retyped	-
market-census	ts/src/cex.ts	fetchOrderBook	market	market	1	typed:java.util.Map<String, Object>	-	-	retyped	-
market-census	ts/src/cex.ts	fetchOHLCV	market	market	1	typed:java.util.Map<String, Object>	-	-	retyped	-
market-census	ts/src/cex.ts	parseTradingFees	market	market	1	typed:java.util.Map<String, Object>	-	-	retyped	-
market-census	ts/src/cex.ts	createOrder	market	market	1	typed:java.util.Map<String, Object>	-	-	retyped	-
market-census	ts/src/cex.ts	transferBetweenMainAndSubAccount	currency	currency	1	typed:java.util.Map<String, Object>	-	-	retyped	-
market-census	ts/src/cex.ts	transferBetweenSubAccounts	currency	currency	1	typed:java.util.Map<String, Object>	-	-	retyped	-
market-census	ts/src/cex.ts	fetchDepositAddress	currency	currency	1	typed:java.util.Map<String, Object>	-	-	retyped	-
market-census	ts/src/bybit.ts	getPrice	market	market	1	typed:java.util.Map<String, Object>	-	-	retyped	-
market-census	ts/src/bybit.ts	getCost	market	market	1	typed:java.util.Map<String, Object>	-	-	retyped	-
market-census	ts/src/bybit.ts	fetchFutureMarkets	parsedMarket	safeMarketStructure	1	typed:java.util.Map<String, Object>	-	-	retyped	-
market-census	ts/src/bybit.ts	fetchTicker	market	market	1	typed:java.util.Map<String, Object>	-	-	retyped	-
market-census	ts/src/bybit.ts	fetchOHLCV	market	market	1	typed:java.util.Map<String, Object>	-	-	retyped	-
market-census	ts/src/bybit.ts	fetchFundingRateHistory	market	market	1	typed:java.util.Map<String, Object>	-	-	retyped	-
market-census	ts/src/bybit.ts	fetchTrades	market	market	1	typed:java.util.Map<String, Object>	-	-	retyped	-
market-census	ts/src/bybit.ts	fetchOrderBook	market	market	1	typed:java.util.Map<String, Object>	-	-	retyped	-
market-census	ts/src/bybit.ts	createMarketBuyOrderWithCost	market	market	1	typed:java.util.Map<String, Object>	-	-	retyped	-
market-census	ts/src/bybit.ts	createMarketSellOrderWithCost	market	market	1	typed:java.util.Map<String, Object>	-	-	retyped	-
market-census	ts/src/bybit.ts	createOrder	market	market	1	typed:java.util.Map<String, Object>	-	-	retyped	-
market-census	ts/src/bybit.ts	createOrderRequest	market	market	1	typed:java.util.Map<String, Object>	-	-	retyped	-
market-census	ts/src/bybit.ts	createOrders	market	market	1	typed:java.util.Map<String, Object>	-	-	retyped	-
market-census	ts/src/bybit.ts	editOrderRequest	market	market	1	typed:java.util.Map<String, Object>	-	-	retyped	-
market-census	ts/src/bybit.ts	editOrder	market	market	1	typed:java.util.Map<String, Object>	-	-	retyped	-
market-census	ts/src/bybit.ts	editOrders	market	market	1	typed:java.util.Map<String, Object>	-	-	retyped	-
market-census	ts/src/bybit.ts	cancelOrderRequest	market	market	1	typed:java.util.Map<String, Object>	-	-	retyped	-
market-census	ts/src/bybit.ts	cancelOrder	market	market	1	typed:java.util.Map<String, Object>	-	-	retyped	-
market-census	ts/src/bybit.ts	cancelOrders	market	market	1	typed:java.util.Map<String, Object>	-	-	retyped	-
market-census	ts/src/bybit.ts	cancelOrdersForSymbols	market	market	1	typed:java.util.Map<String, Object>	-	-	retyped	-
market-census	ts/src/bybit.ts	fetchOrderClassic	market	market	1	typed:java.util.Map<String, Object>	-	-	retyped	-
market-census	ts/src/bybit.ts	fetchOrder	market	market	1	typed:java.util.Map<String, Object>	-	-	retyped	-
market-census	ts/src/bybit.ts	fetchDepositAddressesByNetwork	currency	currency	1	typed:java.util.Map<String, Object>	-	-	retyped	-
market-census	ts/src/bybit.ts	fetchDepositAddressesByNetwork	currencyFromResponse	currency	1	typed:java.util.Map<String, Object>	-	-	retyped	-
market-census	ts/src/bybit.ts	fetchDepositAddress	currency	currency	1	typed:java.util.Map<String, Object>	-	-	retyped	-
market-census	ts/src/bybit.ts	withdraw	currency	currency	1	typed:java.util.Map<String, Object>	-	-	retyped	-
market-census	ts/src/bybit.ts	fetchPosition	market	market	1	typed:java.util.Map<String, Object>	-	-	retyped	-
market-census	ts/src/bybit.ts	fetchLeverage	market	market	1	typed:java.util.Map<String, Object>	-	-	retyped	-
market-census	ts/src/bybit.ts	setLeverage	market	market	1	typed:java.util.Map<String, Object>	-	-	retyped	-
market-census	ts/src/bybit.ts	fetchDerivativesOpenInterestHistory	market	market	1	typed:java.util.Map<String, Object>	-	-	retyped	-
market-census	ts/src/bybit.ts	fetchDerivativesOpenInterestHistory	safeMarketObj	safeMarket	4	typed:java.util.Map<String, Object>	-	-	retyped	-
market-census	ts/src/bybit.ts	fetchOpenInterest	market	market	1	typed:java.util.Map<String, Object>	-	-	retyped	-
market-census	ts/src/bybit.ts	fetchOpenInterest	safeMarketObj	safeMarket	4	typed:java.util.Map<String, Object>	-	-	retyped	-
market-census	ts/src/bybit.ts	fetchOpenInterestHistory	market	market	1	typed:java.util.Map<String, Object>	-	-	retyped	-
market-census	ts/src/bybit.ts	fetchCrossBorrowRate	currency	currency	1	typed:java.util.Map<String, Object>	-	-	retyped	-
market-census	ts/src/bybit.ts	fetchBorrowRateHistory	currency	currency	1	typed:java.util.Map<String, Object>	-	-	retyped	-
market-census	ts/src/bybit.ts	transfer	currency	currency	1	typed:java.util.Map<String, Object>	-	-	retyped	-
market-census	ts/src/bybit.ts	borrowCrossMargin	currency	currency	1	typed:java.util.Map<String, Object>	-	-	retyped	-
market-census	ts/src/bybit.ts	repayCrossMargin	currency	currency	1	typed:java.util.Map<String, Object>	-	-	retyped	-
market-census	ts/src/bybit.ts	fetchDerivativesMarketLeverageTiers	market	market	1	typed:java.util.Map<String, Object>	-	-	retyped	-
market-census	ts/src/bybit.ts	fetchTradingFee	market	market	1	typed:java.util.Map<String, Object>	-	-	retyped	-
market-census	ts/src/bybit.ts	fetchVolatilityHistory	currency	currency	1	typed:java.util.Map<String, Object>	-	-	retyped	-
market-census	ts/src/bybit.ts	fetchGreeks	market	market	1	typed:java.util.Map<String, Object>	-	-	retyped	-
market-census	ts/src/bybit.ts	parseLeverageTiers	market	safeMarket	4	typed:java.util.Map<String, Object>	-	-	retyped	-
market-census	ts/src/bybit.ts	fetchOption	market	market	1	typed:java.util.Map<String, Object>	-	-	retyped	-
market-census	ts/src/bybit.ts	fetchOptionChain	currency	currency	1	typed:java.util.Map<String, Object>	-	-	retyped	-
market-census	ts/src/bybit.ts	fetchConvertQuote	fromCurrency	currency	1	typed:java.util.Map<String, Object>	-	-	retyped	-
market-census	ts/src/bybit.ts	fetchConvertQuote	toCurrency	currency	1	typed:java.util.Map<String, Object>	-	-	retyped	-
market-census	ts/src/bybit.ts	fetchLongShortRatioHistory	market	market	1	typed:java.util.Map<String, Object>	-	-	retyped	-
market-census	ts/src/bybit.ts	fetchMarginMode	market	market	1	typed:java.util.Map<String, Object>	-	-	retyped	-
market-census	ts/src/coinbase.ts	fetchTickersV2	market	safeMarket	3	typed:java.util.Map<String, Object>	-	-	retyped	-
market-census	ts/src/coinbaseexchange.ts	fetchTickers	market	safeMarket	3	typed:java.util.Map<String, Object>	-	-	retyped	-
market-census	ts/src/coinbaseexchange.ts	fetchTicker	market	market	1	typed:java.util.Map<String, Object>	-	-	retyped	-
market-census	ts/src/coinbaseexchange.ts	fetchMyTrades	market	market	1	typed:java.util.Map<String, Object>	-	-	retyped	-
market-census	ts/src/coinbaseexchange.ts	fetchTrades	market	market	1	typed:java.util.Map<String, Object>	-	-	retyped	-
market-census	ts/src/coinbaseexchange.ts	fetchOHLCV	market	market	1	typed:java.util.Map<String, Object>	-	-	retyped	-
market-census	ts/src/coinbaseexchange.ts	createOrder	market	market	1	typed:java.util.Map<String, Object>	-	-	retyped	-
market-census	ts/src/coinbaseexchange.ts	withdraw	currency	currency	1	typed:java.util.Map<String, Object>	-	-	retyped	-
market-census	ts/src/coinbaseexchange.ts	fetchLedger	currency	currency	1	typed:java.util.Map<String, Object>	-	-	retyped	-
market-census	ts/src/coinbaseexchange.ts	createDepositAddress	currency	currency	1	typed:java.util.Map<String, Object>	-	-	retyped	-
market-census	ts/src/coinbase.ts	fetchTickersV3	market	safeMarket	3	typed:java.util.Map<String, Object>	-	-	retyped	-
market-census	ts/src/coinbase.ts	fetchTickerV2	market	market	1	typed:java.util.Map<String, Object>	-	-	retyped	-
market-census	ts/src/coinbase.ts	fetchTickerV3	market	market	1	typed:java.util.Map<String, Object>	-	-	retyped	-
market-census	ts/src/coinbase.ts	fetchTickerV3	ticker	parseTicker	2	none	no-table-entry	-	Object	sim-ok
market-census	ts/src/coinbase.ts	createMarketBuyOrderWithCost	market	market	1	typed:java.util.Map<String, Object>	-	-	retyped	-
market-census	ts/src/coinbase.ts	createOrder	market	market	1	typed:java.util.Map<String, Object>	-	-	retyped	-
market-census	ts/src/coinbase.ts	editOrder	market	market	1	typed:java.util.Map<String, Object>	-	-	retyped	-
market-census	ts/src/coinbase.ts	fetchOHLCV	market	market	1	typed:java.util.Map<String, Object>	-	-	retyped	-
market-census	ts/src/coinbase.ts	fetchTrades	market	market	1	typed:java.util.Map<String, Object>	-	-	retyped	-
market-census	ts/src/coinbase.ts	fetchOrderBook	market	market	1	typed:java.util.Map<String, Object>	-	-	retyped	-
market-census	ts/src/coinbase.ts	withdraw	currency	currency	1	typed:java.util.Map<String, Object>	-	-	retyped	-
market-census	ts/src/coinbase.ts	fetchDepositAddressesByNetwork	currency	currency	1	typed:java.util.Map<String, Object>	-	-	retyped	-
market-census	ts/src/coinbase.ts	transfer	currency	currency	1	typed:java.util.Map<String, Object>	-	-	retyped	-
market-census	ts/src/coinbase.ts	closePosition	market	market	1	typed:java.util.Map<String, Object>	-	-	retyped	-
market-census	ts/src/coinbase.ts	fetchPosition	market	market	1	typed:java.util.Map<String, Object>	-	-	retyped	-
market-census	ts/src/coinbase.ts	fetchTradingFees	market	market	1	typed:java.util.Map<String, Object>	-	-	retyped	-
market-census	ts/src/coincheck.ts	parseBalance	currency	currency	1	typed:java.util.Map<String, Object>	-	-	retyped	-
market-census	ts/src/coinbaseinternational.ts	fetchOHLCV	market	market	1	typed:java.util.Map<String, Object>	-	-	retyped	-
market-census	ts/src/coincheck.ts	fetchOpenOrders	parsedOrders	parseOrders	4	typed:java.util.List<Object>	-	java.util.List<Object>	retyped	-
market-census	ts/src/coincheck.ts	fetchOrderBook	market	market	1	typed:java.util.Map<String, Object>	-	-	retyped	-
market-census	ts/src/coincheck.ts	fetchTicker	market	market	1	typed:java.util.Map<String, Object>	-	-	retyped	-
market-census	ts/src/coincheck.ts	fetchMyTrades	market	market	1	typed:java.util.Map<String, Object>	-	-	retyped	-
market-census	ts/src/coincheck.ts	fetchTrades	market	market	1	typed:java.util.Map<String, Object>	-	-	retyped	-
market-census	ts/src/coincheck.ts	fetchTradingFees	market	market	1	typed:java.util.Map<String, Object>	-	-	retyped	-
market-census	ts/src/coincheck.ts	createOrder	market	market	1	typed:java.util.Map<String, Object>	-	-	retyped	-
market-census	ts/src/coinbaseinternational.ts	fetchFundingRateHistory	market	market	1	typed:java.util.Map<String, Object>	-	-	retyped	-
market-census	ts/src/coinbaseinternational.ts	createDepositAddress	currency	currency	1	typed:java.util.Map<String, Object>	-	-	retyped	-
market-census	ts/src/coinbaseinternational.ts	loadCurrencyNetworks	currency	currency	1	typed:java.util.Map<String, Object>	-	-	retyped	-
market-census	ts/src/coinbaseinternational.ts	fetchTicker	market	market	1	typed:java.util.Map<String, Object>	-	-	retyped	-
market-census	ts/src/coinbaseinternational.ts	transfer	currency	currency	1	typed:java.util.Map<String, Object>	-	-	retyped	-
market-census	ts/src/coinbaseinternational.ts	createOrder	market	market	1	typed:java.util.Map<String, Object>	-	-	retyped	-
market-census	ts/src/coinbaseinternational.ts	editOrder	market	market	1	typed:java.util.Map<String, Object>	-	-	retyped	-
market-census	ts/src/coinbaseinternational.ts	withdraw	currency	currency	1	typed:java.util.Map<String, Object>	-	-	retyped	-
market-census	ts/src/coinmate.ts	fetchOrderBook	market	market	1	typed:java.util.Map<String, Object>	-	-	retyped	-
market-census	ts/src/coinex.ts	fetchTicker	market	market	1	typed:java.util.Map<String, Object>	-	-	retyped	-
market-census	ts/src/coinmate.ts	fetchTicker	market	market	1	typed:java.util.Map<String, Object>	-	-	retyped	-
market-census	ts/src/coinmate.ts	fetchTickers	market	market	1	typed:java.util.Map<String, Object>	-	-	retyped	-
market-census	ts/src/coinmate.ts	fetchTickers	ticker	parseTicker	2	none	no-table-entry	-	Object	sim-ok
market-census	ts/src/coinmate.ts	fetchDepositsWithdrawals	currency	currency	1	typed:java.util.Map<String, Object>	-	-	retyped	-
market-census	ts/src/coinmate.ts	withdraw	currency	currency	1	typed:java.util.Map<String, Object>	-	-	retyped	-
market-census	ts/src/coinmate.ts	fetchMyTrades	market	market	1	typed:java.util.Map<String, Object>	-	-	retyped	-
market-census	ts/src/coinmate.ts	fetchTrades	market	market	1	typed:java.util.Map<String, Object>	-	-	retyped	-
market-census	ts/src/coinmate.ts	fetchTradingFee	market	market	1	typed:java.util.Map<String, Object>	-	-	retyped	-
market-census	ts/src/coinmate.ts	fetchOrders	market	market	1	typed:java.util.Map<String, Object>	-	-	retyped	-
market-census	ts/src/coinmate.ts	createOrder	market	market	1	typed:java.util.Map<String, Object>	-	-	retyped	-
market-census	ts/src/coinone.ts	fetchOrderBook	market	market	1	typed:java.util.Map<String, Object>	-	-	retyped	-
market-census	ts/src/coinex.ts	fetchOrderBook	market	market	1	typed:java.util.Map<String, Object>	-	-	retyped	-
market-census	ts/src/coinex.ts	fetchTrades	market	market	1	typed:java.util.Map<String, Object>	-	-	retyped	-
market-census	ts/src/coinex.ts	fetchTradingFee	market	market	1	typed:java.util.Map<String, Object>	-	-	retyped	-
market-census	ts/src/coinex.ts	fetchTradingFees	market	safeMarket	4	typed:java.util.Map<String, Object>	-	-	retyped	-
market-census	ts/src/coinex.ts	fetchOHLCV	market	market	1	typed:java.util.Map<String, Object>	-	-	retyped	-
market-census	ts/src/coinex.ts	createMarketBuyOrderWithCost	market	market	1	typed:java.util.Map<String, Object>	-	-	retyped	-
market-census	ts/src/coinex.ts	createOrderRequest	market	market	1	typed:java.util.Map<String, Object>	-	-	retyped	-
market-census	ts/src/coinex.ts	createOrder	market	market	1	typed:java.util.Map<String, Object>	-	-	retyped	-
market-census	ts/src/coinex.ts	createOrders	market	market	1	typed:java.util.Map<String, Object>	-	-	retyped	-
market-census	ts/src/coinex.ts	cancelOrders	market	market	1	typed:java.util.Map<String, Object>	-	-	retyped	-
market-census	ts/src/coinex.ts	cancelOrders	order	parseOrder	2	none	no-table-entry	-	Object	sim-ok
market-census	ts/src/coinex.ts	editOrder	market	market	1	typed:java.util.Map<String, Object>	-	-	retyped	-
market-census	ts/src/coinex.ts	editOrders	market	market	1	typed:java.util.Map<String, Object>	-	-	retyped	-
market-census	ts/src/coinex.ts	editOrders	firstMarket	market	1	typed:java.util.Map<String, Object>	-	-	retyped	-
market-census	ts/src/coinex.ts	editOrders	order	parseOrder	1	none	no-table-entry	-	Object	sim-ok
market-census	ts/src/coinex.ts	cancelOrder	market	market	1	typed:java.util.Map<String, Object>	-	-	retyped	-
market-census	ts/src/coinex.ts	cancelAllOrders	market	market	1	typed:java.util.Map<String, Object>	-	-	retyped	-
market-census	ts/src/coinex.ts	fetchOrder	market	market	1	typed:java.util.Map<String, Object>	-	-	retyped	-
market-census	ts/src/coinex.ts	createDepositAddress	currency	currency	1	typed:java.util.Map<String, Object>	-	-	retyped	-
market-census	ts/src/coinex.ts	fetchDepositAddress	currency	currency	1	typed:java.util.Map<String, Object>	-	-	retyped	-
market-census	ts/src/coinex.ts	fetchMyTrades	market	market	1	typed:java.util.Map<String, Object>	-	-	retyped	-
market-census	ts/src/coinex.ts	fetchPosition	market	market	1	typed:java.util.Map<String, Object>	-	-	retyped	-
market-census	ts/src/coinex.ts	setMarginMode	market	market	1	typed:java.util.Map<String, Object>	-	-	retyped	-
market-census	ts/src/coinex.ts	setLeverage	market	market	1	typed:java.util.Map<String, Object>	-	-	retyped	-
market-census	ts/src/coinex.ts	modifyMarginHelper	market	market	1	typed:java.util.Map<String, Object>	-	-	retyped	-
market-census	ts/src/coinex.ts	fetchFundingHistory	market	market	1	typed:java.util.Map<String, Object>	-	-	retyped	-
market-census	ts/src/coinex.ts	fetchFundingRate	market	market	1	typed:java.util.Map<String, Object>	-	-	retyped	-
market-census	ts/src/coinex.ts	withdraw	currency	currency	1	typed:java.util.Map<String, Object>	-	-	retyped	-
market-census	ts/src/coinex.ts	fetchFundingRateHistory	market	market	1	typed:java.util.Map<String, Object>	-	-	retyped	-
market-census	ts/src/coinex.ts	transfer	currency	currency	1	typed:java.util.Map<String, Object>	-	-	retyped	-
market-census	ts/src/coinex.ts	fetchTransfers	currency	currency	1	typed:java.util.Map<String, Object>	-	-	retyped	-
market-census	ts/src/coinex.ts	fetchIsolatedBorrowRate	currency	currency	1	typed:java.util.Map<String, Object>	-	-	retyped	-
market-census	ts/src/coinex.ts	fetchIsolatedBorrowRate	market	market	1	typed:java.util.Map<String, Object>	-	-	retyped	-
market-census	ts/src/coinex.ts	borrowIsolatedMargin	market	market	1	typed:java.util.Map<String, Object>	-	-	retyped	-
market-census	ts/src/coinex.ts	borrowIsolatedMargin	currency	currency	1	typed:java.util.Map<String, Object>	-	-	retyped	-
market-census	ts/src/coinex.ts	repayIsolatedMargin	market	market	1	typed:java.util.Map<String, Object>	-	-	retyped	-
market-census	ts/src/coinex.ts	repayIsolatedMargin	currency	currency	1	typed:java.util.Map<String, Object>	-	-	retyped	-
market-census	ts/src/coinex.ts	fetchDepositWithdrawFee	currency	currency	1	typed:java.util.Map<String, Object>	-	-	retyped	-
market-census	ts/src/coinex.ts	fetchLeverage	currency	currency	1	typed:java.util.Map<String, Object>	-	-	retyped	-
market-census	ts/src/coinex.ts	fetchLeverage	market	market	1	typed:java.util.Map<String, Object>	-	-	retyped	-
market-census	ts/src/coinex.ts	fetchPositionHistory	market	market	1	typed:java.util.Map<String, Object>	-	-	retyped	-
market-census	ts/src/coinex.ts	closePosition	market	market	1	typed:java.util.Map<String, Object>	-	-	retyped	-
market-census	ts/src/coinex.ts	fetchMarginAdjustmentHistory	market	market	1	typed:java.util.Map<String, Object>	-	-	retyped	-
market-census	ts/src/coinone.ts	fetchTicker	market	market	1	typed:java.util.Map<String, Object>	-	-	retyped	-
market-census	ts/src/coinone.ts	fetchTrades	market	market	1	typed:java.util.Map<String, Object>	-	-	retyped	-
market-census	ts/src/coinone.ts	createOrder	market	market	1	typed:java.util.Map<String, Object>	-	-	retyped	-
market-census	ts/src/coinone.ts	fetchOrder	market	market	1	typed:java.util.Map<String, Object>	-	-	retyped	-
market-census	ts/src/coinone.ts	fetchOpenOrders	market	market	1	typed:java.util.Map<String, Object>	-	-	retyped	-
market-census	ts/src/coinone.ts	fetchMyTrades	market	market	1	typed:java.util.Map<String, Object>	-	-	retyped	-
market-census	ts/src/coinsph.ts	fetchTickers	market	market	1	typed:java.util.Map<String, Object>	-	-	retyped	-
market-census	ts/src/coinspot.ts	fetchOrderBook	market	market	1	typed:java.util.Map<String, Object>	-	-	retyped	-
market-census	ts/src/coinspot.ts	fetchTicker	market	market	1	typed:java.util.Map<String, Object>	-	-	retyped	-
market-census	ts/src/coinspot.ts	fetchTickers	market	safeMarket	1	typed:java.util.Map<String, Object>	-	-	retyped	-
market-census	ts/src/coinspot.ts	fetchTrades	market	market	1	typed:java.util.Map<String, Object>	-	-	retyped	-
market-census	ts/src/coinspot.ts	createOrder	market	market	1	typed:java.util.Map<String, Object>	-	-	retyped	-
market-census	ts/src/coinsph.ts	fetchTicker	market	market	1	typed:java.util.Map<String, Object>	-	-	retyped	-
market-census	ts/src/coinsph.ts	fetchOrderBook	market	market	1	typed:java.util.Map<String, Object>	-	-	retyped	-
market-census	ts/src/coinsph.ts	fetchOHLCV	market	market	1	typed:java.util.Map<String, Object>	-	-	retyped	-
market-census	ts/src/coinsph.ts	fetchTrades	market	market	1	typed:java.util.Map<String, Object>	-	-	retyped	-
market-census	ts/src/coinsph.ts	fetchMyTrades	market	market	1	typed:java.util.Map<String, Object>	-	-	retyped	-
market-census	ts/src/coinsph.ts	createOrder	market	market	1	typed:java.util.Map<String, Object>	-	-	retyped	-
market-census	ts/src/coinsph.ts	fetchClosedOrders	market	market	1	typed:java.util.Map<String, Object>	-	-	retyped	-
market-census	ts/src/coinsph.ts	fetchTradingFee	market	market	1	typed:java.util.Map<String, Object>	-	-	retyped	-
market-census	ts/src/coinsph.ts	withdraw	currency	currency	1	typed:java.util.Map<String, Object>	-	-	retyped	-
market-census	ts/src/coinsph.ts	fetchDepositAddress	currency	currency	1	typed:java.util.Map<String, Object>	-	-	retyped	-
market-census	ts/src/cryptomus.ts	fetchOrderBook	market	market	1	typed:java.util.Map<String, Object>	-	-	retyped	-
market-census	ts/src/cryptomus.ts	fetchTrades	market	market	1	typed:java.util.Map<String, Object>	-	-	retyped	-
market-census	ts/src/cryptomus.ts	createOrder	market	market	1	typed:java.util.Map<String, Object>	-	-	retyped	-
market-census	ts/src/deepcoin.ts	fetchOrderBook	market	market	1	typed:java.util.Map<String, Object>	-	-	retyped	-
market-census	ts/src/cryptocom.ts	fetchTrades	market	market	1	typed:java.util.Map<String, Object>	-	-	retyped	-
market-census	ts/src/deepcoin.ts	fetchOHLCV	market	market	1	typed:java.util.Map<String, Object>	-	-	retyped	-
market-census	ts/src/deepcoin.ts	fetchTrades	market	market	1	typed:java.util.Map<String, Object>	-	-	retyped	-
market-census	ts/src/deepcoin.ts	fetchDepositAddresses	currency	currency	1	typed:java.util.Map<String, Object>	-	-	retyped	-
market-census	ts/src/deepcoin.ts	transfer	currency	currency	1	typed:java.util.Map<String, Object>	-	-	retyped	-
market-census	ts/src/deepcoin.ts	createOrder	market	market	1	typed:java.util.Map<String, Object>	-	-	retyped	-
market-census	ts/src/deepcoin.ts	createOrderRequest	market	market	1	typed:java.util.Map<String, Object>	-	-	retyped	-
market-census	ts/src/deepcoin.ts	createRegularOrderRequest	market	market	1	typed:java.util.Map<String, Object>	-	-	retyped	-
market-census	ts/src/deepcoin.ts	createTriggerOrderRequest	market	market	1	typed:java.util.Map<String, Object>	-	-	retyped	-
market-census	ts/src/deepcoin.ts	fetchClosedOrder	market	market	1	typed:java.util.Map<String, Object>	-	-	retyped	-
market-census	ts/src/deepcoin.ts	fetchOpenOrder	market	market	1	typed:java.util.Map<String, Object>	-	-	retyped	-
market-census	ts/src/deepcoin.ts	fetchOpenOrders	market	market	1	typed:java.util.Map<String, Object>	-	-	retyped	-
market-census	ts/src/deepcoin.ts	cancelOrder	market	market	1	typed:java.util.Map<String, Object>	-	-	retyped	-
market-census	ts/src/deepcoin.ts	cancelAllOrders	market	market	1	typed:java.util.Map<String, Object>	-	-	retyped	-
market-census	ts/src/deepcoin.ts	fetchPositionsForSymbol	market	market	1	typed:java.util.Map<String, Object>	-	-	retyped	-
market-census	ts/src/deepcoin.ts	setLeverage	market	market	1	typed:java.util.Map<String, Object>	-	-	retyped	-
market-census	ts/src/deepcoin.ts	fetchFundingRate	market	market	1	typed:java.util.Map<String, Object>	-	-	retyped	-
market-census	ts/src/deepcoin.ts	fetchFundingRateHistory	market	market	1	typed:java.util.Map<String, Object>	-	-	retyped	-
market-census	ts/src/deepcoin.ts	closePosition	market	market	1	typed:java.util.Map<String, Object>	-	-	retyped	-
market-census	ts/src/cryptocom.ts	fetchOHLCV	market	market	1	typed:java.util.Map<String, Object>	-	-	retyped	-
market-census	ts/src/cryptocom.ts	fetchOrderBook	market	market	1	typed:java.util.Map<String, Object>	-	-	retyped	-
market-census	ts/src/cryptocom.ts	createOrderRequest	market	market	1	typed:java.util.Map<String, Object>	-	-	retyped	-
market-census	ts/src/cryptocom.ts	createOrder	market	market	1	typed:java.util.Map<String, Object>	-	-	retyped	-
market-census	ts/src/cryptocom.ts	createAdvancedOrderRequest	market	market	1	typed:java.util.Map<String, Object>	-	-	retyped	-
market-census	ts/src/cryptocom.ts	cancelOrders	market	market	1	typed:java.util.Map<String, Object>	-	-	retyped	-
market-census	ts/src/cryptocom.ts	cancelOrdersForSymbols	market	market	1	typed:java.util.Map<String, Object>	-	-	retyped	-
market-census	ts/src/cryptocom.ts	withdraw	currency	safeCurrency	1	typed:java.util.Map<String, Object>	-	-	retyped	-
market-census	ts/src/cryptocom.ts	fetchDepositAddressesByNetwork	currency	safeCurrency	1	typed:java.util.Map<String, Object>	-	-	retyped	-
market-census	ts/src/cryptocom.ts	fetchFundingRate	market	market	1	typed:java.util.Map<String, Object>	-	-	retyped	-
market-census	ts/src/cryptocom.ts	fetchFundingRateHistory	market	market	1	typed:java.util.Map<String, Object>	-	-	retyped	-
market-census	ts/src/cryptocom.ts	fetchPosition	market	market	1	typed:java.util.Map<String, Object>	-	-	retyped	-
market-census	ts/src/cryptocom.ts	fetchPositions	marketInner	safeMarket	4	typed:java.util.Map<String, Object>	-	-	retyped	-
market-census	ts/src/cryptocom.ts	closePosition	market	market	1	typed:java.util.Map<String, Object>	-	-	retyped	-
market-census	ts/src/cryptocom.ts	fetchTradingFee	market	market	1	typed:java.util.Map<String, Object>	-	-	retyped	-
market-census	ts/src/cryptocom.ts	parseTradingFees	market	market	1	typed:java.util.Map<String, Object>	-	-	retyped	-
market-census	ts/src/delta.ts	fetchTicker	market	market	1	typed:java.util.Map<String, Object>	-	-	retyped	-
market-census	ts/src/delta.ts	fetchTickers	ticker	parseTicker	1	none	no-table-entry	-	Object	sim-ok
market-census	ts/src/delta.ts	fetchOrderBook	market	market	1	typed:java.util.Map<String, Object>	-	-	retyped	-
market-census	ts/src/delta.ts	fetchTrades	market	market	1	typed:java.util.Map<String, Object>	-	-	retyped	-
market-census	ts/src/delta.ts	fetchOHLCV	market	market	1	typed:java.util.Map<String, Object>	-	-	retyped	-
market-census	ts/src/delta.ts	fetchPosition	market	market	1	typed:java.util.Map<String, Object>	-	-	retyped	-
market-census	ts/src/delta.ts	createOrder	market	market	1	typed:java.util.Map<String, Object>	-	-	retyped	-
market-census	ts/src/delta.ts	editOrder	market	market	1	typed:java.util.Map<String, Object>	-	-	retyped	-
market-census	ts/src/delta.ts	cancelOrder	market	market	1	typed:java.util.Map<String, Object>	-	-	retyped	-
market-census	ts/src/delta.ts	cancelAllOrders	market	market	1	typed:java.util.Map<String, Object>	-	-	retyped	-
market-census	ts/src/delta.ts	fetchDepositAddress	currency	currency	1	typed:java.util.Map<String, Object>	-	-	retyped	-
market-census	ts/src/delta.ts	fetchFundingRate	market	market	1	typed:java.util.Map<String, Object>	-	-	retyped	-
market-census	ts/src/delta.ts	modifyMarginHelper	market	market	1	typed:java.util.Map<String, Object>	-	-	retyped	-
market-census	ts/src/delta.ts	fetchOpenInterest	market	market	1	typed:java.util.Map<String, Object>	-	-	retyped	-
market-census	ts/src/delta.ts	fetchLeverage	market	market	1	typed:java.util.Map<String, Object>	-	-	retyped	-
market-census	ts/src/delta.ts	setLeverage	market	market	1	typed:java.util.Map<String, Object>	-	-	retyped	-
market-census	ts/src/delta.ts	fetchGreeks	market	market	1	typed:java.util.Map<String, Object>	-	-	retyped	-
market-census	ts/src/delta.ts	fetchOption	market	market	1	typed:java.util.Map<String, Object>	-	-	retyped	-
market-census	ts/src/deribit.ts	createDepositAddress	currency	currency	1	typed:java.util.Map<String, Object>	-	-	retyped	-
market-census	ts/src/deribit.ts	fetchDepositAddress	currency	currency	1	typed:java.util.Map<String, Object>	-	-	retyped	-
market-census	ts/src/deribit.ts	fetchTicker	market	market	1	typed:java.util.Map<String, Object>	-	-	retyped	-
market-census	ts/src/deribit.ts	fetchTickers	market	market	1	typed:java.util.Map<String, Object>	-	-	retyped	-
market-census	ts/src/deribit.ts	fetchTickers	currency	currency	1	typed:java.util.Map<String, Object>	-	-	retyped	-
market-census	ts/src/deribit.ts	fetchTickers	ticker	parseTicker	1	none	no-table-entry	-	Object	sim-ok
market-census	ts/src/deribit.ts	fetchOHLCV	market	market	1	typed:java.util.Map<String, Object>	-	-	retyped	-
market-census	ts/src/deribit.ts	fetchTrades	market	market	1	typed:java.util.Map<String, Object>	-	-	retyped	-
market-census	ts/src/deribit.ts	fetchTradingFees	currency	currency	1	typed:java.util.Map<String, Object>	-	-	retyped	-
market-census	ts/src/deribit.ts	fetchTradingFees	market	market	1	typed:java.util.Map<String, Object>	-	-	retyped	-
market-census	ts/src/deribit.ts	fetchOrderBook	market	market	1	typed:java.util.Map<String, Object>	-	-	retyped	-
market-census	ts/src/deribit.ts	createOrder	market	market	1	typed:java.util.Map<String, Object>	-	-	retyped	-
market-census	ts/src/deribit.ts	cancelAllOrders	market	market	1	typed:java.util.Map<String, Object>	-	-	retyped	-
market-census	ts/src/deribit.ts	fetchOpenOrders	currency	currency	1	typed:java.util.Map<String, Object>	-	-	retyped	-
market-census	ts/src/deribit.ts	fetchClosedOrders	currency	currency	1	typed:java.util.Map<String, Object>	-	-	retyped	-
market-census	ts/src/deribit.ts	fetchMyTrades	currency	currency	1	typed:java.util.Map<String, Object>	-	-	retyped	-
market-census	ts/src/deribit.ts	fetchDeposits	currency	currency	1	typed:java.util.Map<String, Object>	-	-	retyped	-
market-census	ts/src/deribit.ts	fetchWithdrawals	currency	currency	1	typed:java.util.Map<String, Object>	-	-	retyped	-
market-census	ts/src/deribit.ts	fetchPosition	market	market	1	typed:java.util.Map<String, Object>	-	-	retyped	-
market-census	ts/src/deribit.ts	fetchPositions	currency	currency	1	typed:java.util.Map<String, Object>	-	-	retyped	-
market-census	ts/src/deribit.ts	fetchVolatilityHistory	currency	currency	1	typed:java.util.Map<String, Object>	-	-	retyped	-
market-census	ts/src/deribit.ts	fetchTransfers	currency	currency	1	typed:java.util.Map<String, Object>	-	-	retyped	-
market-census	ts/src/deribit.ts	transfer	currency	currency	1	typed:java.util.Map<String, Object>	-	-	retyped	-
market-census	ts/src/deribit.ts	withdraw	currency	currency	1	typed:java.util.Map<String, Object>	-	-	retyped	-
market-census	ts/src/deribit.ts	fetchFundingRate	market	market	1	typed:java.util.Map<String, Object>	-	-	retyped	-
market-census	ts/src/deribit.ts	fetchFundingRateHistory	market	market	1	typed:java.util.Map<String, Object>	-	-	retyped	-
market-census	ts/src/deribit.ts	fetchLiquidations	market	market	1	typed:java.util.Map<String, Object>	-	-	retyped	-
market-census	ts/src/deribit.ts	fetchMyLiquidations	market	market	1	typed:java.util.Map<String, Object>	-	-	retyped	-
market-census	ts/src/deribit.ts	fetchGreeks	market	market	1	typed:java.util.Map<String, Object>	-	-	retyped	-
market-census	ts/src/deribit.ts	fetchOption	market	market	1	typed:java.util.Map<String, Object>	-	-	retyped	-
market-census	ts/src/deribit.ts	fetchOptionChain	currency	currency	1	typed:java.util.Map<String, Object>	-	-	retyped	-
market-census	ts/src/deribit.ts	fetchOpenInterest	market	market	1	typed:java.util.Map<String, Object>	-	-	retyped	-
market-census	ts/src/derive.ts	fetchTicker	market	market	1	typed:java.util.Map<String, Object>	-	-	retyped	-
market-census	ts/src/digifinex.ts	fetchOrderBook	market	market	1	typed:java.util.Map<String, Object>	-	-	retyped	-
market-census	ts/src/derive.ts	parseTrades	parsed	parseTrade	2	none	no-table-entry	-	Object	sim-ok
market-census	ts/src/derive.ts	fetchFundingRateHistory	market	market	1	typed:java.util.Map<String, Object>	-	-	retyped	-
market-census	ts/src/derive.ts	createOrder	market	market	1	typed:java.util.Map<String, Object>	-	-	retyped	-
market-census	ts/src/derive.ts	createOrder	order	parseOrder	2	none	no-table-entry	-	Object	sim-ok
market-census	ts/src/derive.ts	editOrder	market	market	1	typed:java.util.Map<String, Object>	-	-	retyped	-
market-census	ts/src/derive.ts	editOrder	order	parseOrder	2	none	no-table-entry	-	Object	sim-ok
market-census	ts/src/derive.ts	cancelOrder	market	market	1	typed:java.util.Map<String, Object>	-	-	retyped	-
market-census	ts/src/derive.ts	fetchDeposits	currency	safeCurrency	1	typed:java.util.Map<String, Object>	-	-	retyped	-
market-census	ts/src/derive.ts	fetchWithdrawals	currency	safeCurrency	1	typed:java.util.Map<String, Object>	-	-	retyped	-
market-census	ts/src/digifinex.ts	fetchTickers	ticker	parseTicker	1	none	no-table-entry	-	Object	sim-ok
market-census	ts/src/digifinex.ts	fetchTicker	market	market	1	typed:java.util.Map<String, Object>	-	-	retyped	-
market-census	ts/src/digifinex.ts	fetchTrades	market	market	1	typed:java.util.Map<String, Object>	-	-	retyped	-
market-census	ts/src/digifinex.ts	fetchOHLCV	market	market	1	typed:java.util.Map<String, Object>	-	-	retyped	-
market-census	ts/src/digifinex.ts	createOrder	market	market	1	typed:java.util.Map<String, Object>	-	-	retyped	-
market-census	ts/src/digifinex.ts	createOrder	order	parseOrder	2	none	no-table-entry	-	Object	sim-ok
market-census	ts/src/digifinex.ts	createOrders	market	market	1	typed:java.util.Map<String, Object>	-	-	retyped	-
market-census	ts/src/digifinex.ts	createOrderRequest	market	market	1	typed:java.util.Map<String, Object>	-	-	retyped	-
market-census	ts/src/digifinex.ts	createMarketBuyOrderWithCost	market	market	1	typed:java.util.Map<String, Object>	-	-	retyped	-
market-census	ts/src/digifinex.ts	fetchDepositAddress	currency	currency	1	typed:java.util.Map<String, Object>	-	-	retyped	-
market-census	ts/src/digifinex.ts	transfer	currency	currency	1	typed:java.util.Map<String, Object>	-	-	retyped	-
market-census	ts/src/digifinex.ts	withdraw	currency	currency	1	typed:java.util.Map<String, Object>	-	-	retyped	-
market-census	ts/src/digifinex.ts	fetchCrossBorrowRate	currency	currency	1	typed:java.util.Map<String, Object>	-	-	retyped	-
market-census	ts/src/digifinex.ts	fetchFundingRate	market	market	1	typed:java.util.Map<String, Object>	-	-	retyped	-
market-census	ts/src/digifinex.ts	fetchFundingRateHistory	market	market	1	typed:java.util.Map<String, Object>	-	-	retyped	-
market-census	ts/src/digifinex.ts	fetchTradingFee	market	market	1	typed:java.util.Map<String, Object>	-	-	retyped	-
market-census	ts/src/digifinex.ts	fetchPosition	market	market	1	typed:java.util.Map<String, Object>	-	-	retyped	-
market-census	ts/src/digifinex.ts	setLeverage	market	market	1	typed:java.util.Map<String, Object>	-	-	retyped	-
market-census	ts/src/digifinex.ts	fetchMarketLeverageTiers	market	market	1	typed:java.util.Map<String, Object>	-	-	retyped	-
market-census	ts/src/digifinex.ts	parseDepositWithdrawFees	currency	currency	1	typed:java.util.Map<String, Object>	-	-	retyped	-
market-census	ts/src/digifinex.ts	modifyMarginHelper	market	market	1	typed:java.util.Map<String, Object>	-	-	retyped	-
market-census	ts/src/digifinex.ts	setMarginMode	market	market	1	typed:java.util.Map<String, Object>	-	-	retyped	-
market-census	ts/src/dydx.ts	fetchTrades	market	market	1	typed:java.util.Map<String, Object>	-	-	retyped	-
market-census	ts/src/dydx.ts	fetchOHLCV	market	market	1	typed:java.util.Map<String, Object>	-	-	retyped	-
market-census	ts/src/dydx.ts	fetchFundingRateHistory	market	market	1	typed:java.util.Map<String, Object>	-	-	retyped	-
market-census	ts/src/dydx.ts	createOrderRequest	market	market	1	typed:java.util.Map<String, Object>	-	-	retyped	-
market-census	ts/src/dydx.ts	cancelOrder	market	market	1	typed:java.util.Map<String, Object>	-	-	retyped	-
market-census	ts/src/dydx.ts	cancelOrders	market	market	1	typed:java.util.Map<String, Object>	-	-	retyped	-
market-census	ts/src/dydx.ts	fetchOrderBook	market	market	1	typed:java.util.Map<String, Object>	-	-	retyped	-
market-census	ts/src/dydx.ts	withdraw	currency	currency	1	typed:java.util.Map<String, Object>	-	-	retyped	-
market-census	ts/src/extended.ts	fetchTicker	market	market	1	typed:java.util.Map<String, Object>	-	-	retyped	-
market-census	ts/src/foxbit.ts	fetchTicker	market	market	1	typed:java.util.Map<String, Object>	-	-	retyped	-
market-census	ts/src/foxbit.ts	fetchTradingFees	market	safeMarket	1	typed:java.util.Map<String, Object>	-	-	retyped	-
market-census	ts/src/foxbit.ts	fetchOrderBook	market	market	1	typed:java.util.Map<String, Object>	-	-	retyped	-
market-census	ts/src/foxbit.ts	fetchTrades	market	market	1	typed:java.util.Map<String, Object>	-	-	retyped	-
market-census	ts/src/foxbit.ts	fetchOHLCV	market	market	1	typed:java.util.Map<String, Object>	-	-	retyped	-
market-census	ts/src/foxbit.ts	createOrder	market	market	1	typed:java.util.Map<String, Object>	-	-	retyped	-
market-census	ts/src/foxbit.ts	createOrders	market	market	1	typed:java.util.Map<String, Object>	-	-	retyped	-
market-census	ts/src/foxbit.ts	cancelAllOrders	market	market	1	typed:java.util.Map<String, Object>	-	-	retyped	-
market-census	ts/src/foxbit.ts	fetchMyTrades	market	market	1	typed:java.util.Map<String, Object>	-	-	retyped	-
market-census	ts/src/foxbit.ts	fetchDepositAddress	currency	currency	1	typed:java.util.Map<String, Object>	-	-	retyped	-
market-census	ts/src/foxbit.ts	editOrder	market	market	1	typed:java.util.Map<String, Object>	-	-	retyped	-
market-census	ts/src/foxbit.ts	withdraw	currency	currency	1	typed:java.util.Map<String, Object>	-	-	retyped	-
market-census	ts/src/foxbit.ts	fetchLedger	currency	currency	1	typed:java.util.Map<String, Object>	-	-	retyped	-
market-census	ts/src/extended.ts	fetchTickers	market	market	1	typed:java.util.Map<String, Object>	-	-	retyped	-
market-census	ts/src/extended.ts	fetchTickers	market	safeMarket	1	typed:java.util.Map<String, Object>	-	-	retyped	-
market-census	ts/src/extended.ts	fetchTickers	ticker	parseTicker	2	none	no-table-entry	-	Object	sim-ok
market-census	ts/src/extended.ts	fetchOrderBook	market	market	1	typed:java.util.Map<String, Object>	-	-	retyped	-
market-census	ts/src/extended.ts	fetchTrades	market	market	1	typed:java.util.Map<String, Object>	-	-	retyped	-
market-census	ts/src/extended.ts	fetchOHLCV	market	market	1	typed:java.util.Map<String, Object>	-	-	retyped	-
market-census	ts/src/extended.ts	fetchFundingRateHistory	market	market	1	typed:java.util.Map<String, Object>	-	-	retyped	-
market-census	ts/src/extended.ts	fetchOpenInterestHistory	market	market	1	typed:java.util.Map<String, Object>	-	-	retyped	-
market-census	ts/src/extended.ts	parseLedgerEntry	ledgerCurrency	safeCurrency	2	typed:java.util.Map<String, Object>	-	-	retyped	-
market-census	ts/src/extended.ts	withdraw	currency	currency	1	typed:java.util.Map<String, Object>	-	-	retyped	-
market-census	ts/src/extended.ts	transfer	currency	currency	1	typed:java.util.Map<String, Object>	-	-	retyped	-
market-census	ts/src/extended.ts	fetchTradingFee	market	market	1	typed:java.util.Map<String, Object>	-	-	retyped	-
market-census	ts/src/extended.ts	fetchLeverage	market	market	1	typed:java.util.Map<String, Object>	-	-	retyped	-
market-census	ts/src/extended.ts	setLeverage	market	market	1	typed:java.util.Map<String, Object>	-	-	retyped	-
market-census	ts/src/extended.ts	createExtendedOrderRequest	market	market	1	typed:java.util.Map<String, Object>	-	-	retyped	-
market-census	ts/src/extended.ts	fetchOpenOrders	orders	parseOrders	4	typed:java.util.List<Object>	-	java.util.List<Object>	retyped	-
market-census	ts/src/extended.ts	fetchOrders	orders	parseOrders	4	typed:java.util.List<Object>	-	java.util.List<Object>	retyped	-
market-census	ts/src/gemini.ts	fetchOrderBook	market	market	1	typed:java.util.Map<String, Object>	-	-	retyped	-
market-census	ts/src/gemini.ts	fetchTickerV1	market	market	1	typed:java.util.Map<String, Object>	-	-	retyped	-
market-census	ts/src/gemini.ts	fetchTickerV2	market	market	1	typed:java.util.Map<String, Object>	-	-	retyped	-
market-census	ts/src/gemini.ts	fetchTickers	result	parseTickers	2	none	no-table-entry	-	Object	sim-ok
market-census	ts/src/gemini.ts	fetchTrades	market	market	1	typed:java.util.Map<String, Object>	-	-	retyped	-
market-census	ts/src/gemini.ts	createOrder	market	market	1	typed:java.util.Map<String, Object>	-	-	retyped	-
market-census	ts/src/gemini.ts	fetchMyTrades	market	market	1	typed:java.util.Map<String, Object>	-	-	retyped	-
market-census	ts/src/gemini.ts	withdraw	currency	currency	1	typed:java.util.Map<String, Object>	-	-	retyped	-
market-census	ts/src/gemini.ts	fetchDepositAddressesByNetwork	currency	currency	1	typed:java.util.Map<String, Object>	-	-	retyped	-
market-census	ts/src/gemini.ts	createDepositAddress	currency	currency	1	typed:java.util.Map<String, Object>	-	-	retyped	-
market-census	ts/src/gemini.ts	fetchOHLCV	market	market	1	typed:java.util.Map<String, Object>	-	-	retyped	-
market-census	ts/src/gemini.ts	fetchOpenInterest	market	market	1	typed:java.util.Map<String, Object>	-	-	retyped	-
market-census	ts/src/gate.ts	fetchFundingRate	market	market	1	typed:java.util.Map<String, Object>	-	-	retyped	-
market-census	ts/src/grvt.ts	fetchTicker	market	market	1	typed:java.util.Map<String, Object>	-	-	retyped	-
market-census	ts/src/grvt.ts	fetchTrades	market	market	1	typed:java.util.Map<String, Object>	-	-	retyped	-
market-census	ts/src/grvt.ts	fetchOHLCV	market	market	1	typed:java.util.Map<String, Object>	-	-	retyped	-
market-census	ts/src/grvt.ts	fetchFundingRateHistory	market	market	1	typed:java.util.Map<String, Object>	-	-	retyped	-
market-census	ts/src/grvt.ts	fetchTransfers	currency	currency	1	typed:java.util.Map<String, Object>	-	-	retyped	-
market-census	ts/src/grvt.ts	transfer	currency	currency	1	typed:java.util.Map<String, Object>	-	-	retyped	-
market-census	ts/src/grvt.ts	withdraw	currency	currency	1	typed:java.util.Map<String, Object>	-	-	retyped	-
market-census	ts/src/grvt.ts	createOrder	market	market	1	typed:java.util.Map<String, Object>	-	-	retyped	-
market-census	ts/src/grvt.ts	eipMessageForOrder	market	market	1	typed:java.util.Map<String, Object>	-	-	retyped	-
market-census	ts/src/grvt.ts	fetchPositions	market	market	1	typed:java.util.Map<String, Object>	-	-	retyped	-
market-census	ts/src/grvt.ts	setLeverage	market	market	1	typed:java.util.Map<String, Object>	-	-	retyped	-
market-census	ts/src/grvt.ts	cancelAllOrders	market	market	1	typed:java.util.Map<String, Object>	-	-	retyped	-
market-census	ts/src/gate.ts	fetchNetworkDepositAddress	currency	currency	1	typed:java.util.Map<String, Object>	-	-	retyped	-
market-census	ts/src/gate.ts	fetchDepositAddressesByNetwork	currency	currency	1	typed:java.util.Map<String, Object>	-	-	retyped	-
market-census	ts/src/gate.ts	fetchTradingFee	market	market	1	typed:java.util.Map<String, Object>	-	-	retyped	-
market-census	ts/src/gate.ts	parseTradingFees	market	market	1	typed:java.util.Map<String, Object>	-	-	retyped	-
market-census	ts/src/gate.ts	fetchOrderBook	market	market	1	typed:java.util.Map<String, Object>	-	-	retyped	-
market-census	ts/src/gate.ts	fetchTicker	market	market	1	typed:java.util.Map<String, Object>	-	-	retyped	-
market-census	ts/src/gate.ts	fetchBalance	market	market	1	typed:java.util.Map<String, Object>	-	-	retyped	-
market-census	ts/src/gate.ts	fetchOHLCV	market	market	1	typed:java.util.Map<String, Object>	-	-	retyped	-
market-census	ts/src/gate.ts	fetchOptionOHLCV	market	market	1	typed:java.util.Map<String, Object>	-	-	retyped	-
market-census	ts/src/gate.ts	fetchFundingRateHistory	market	market	1	typed:java.util.Map<String, Object>	-	-	retyped	-
market-census	ts/src/gate.ts	fetchTrades	market	market	1	typed:java.util.Map<String, Object>	-	-	retyped	-
market-census	ts/src/gate.ts	withdraw	currency	currency	1	typed:java.util.Map<String, Object>	-	-	retyped	-
market-census	ts/src/gate.ts	createOrder	market	market	1	typed:java.util.Map<String, Object>	-	-	retyped	-
market-census	ts/src/gate.ts	createOrdersRequest	market	market	1	typed:java.util.Map<String, Object>	-	-	retyped	-
market-census	ts/src/gate.ts	createOrders	market	market	1	typed:java.util.Map<String, Object>	-	-	retyped	-
market-census	ts/src/gate.ts	createOrderRequest	market	market	1	typed:java.util.Map<String, Object>	-	-	retyped	-
market-census	ts/src/gate.ts	createMarketBuyOrderWithCost	market	market	1	typed:java.util.Map<String, Object>	-	-	retyped	-
market-census	ts/src/gate.ts	editOrderRequest	market	market	1	typed:java.util.Map<String, Object>	-	-	retyped	-
market-census	ts/src/gate.ts	editOrder	market	market	1	typed:java.util.Map<String, Object>	-	-	retyped	-
market-census	ts/src/gate.ts	fetchOrdersByStatus	orders	parseOrders	4	typed:java.util.List<Object>	-	java.util.List<Object>	retyped	-
market-census	ts/src/gate.ts	cancelOrdersForSymbols	market	market	1	typed:java.util.Map<String, Object>	-	-	retyped	-
market-census	ts/src/gate.ts	transfer	currency	currency	1	typed:java.util.Map<String, Object>	-	-	retyped	-
market-census	ts/src/gate.ts	transfer	market	market	1	typed:java.util.Map<String, Object>	-	-	retyped	-
market-census	ts/src/gate.ts	setLeverage	market	market	1	typed:java.util.Map<String, Object>	-	-	retyped	-
market-census	ts/src/gate.ts	fetchPosition	market	market	1	typed:java.util.Map<String, Object>	-	-	retyped	-
market-census	ts/src/gate.ts	fetchMarketLeverageTiers	market	market	1	typed:java.util.Map<String, Object>	-	-	retyped	-
market-census	ts/src/gate.ts	repayIsolatedMargin	currency	currency	1	typed:java.util.Map<String, Object>	-	-	retyped	-
market-census	ts/src/gate.ts	repayIsolatedMargin	market	market	1	typed:java.util.Map<String, Object>	-	-	retyped	-
market-census	ts/src/gate.ts	repayCrossMargin	currency	currency	1	typed:java.util.Map<String, Object>	-	-	retyped	-
market-census	ts/src/gate.ts	borrowIsolatedMargin	currency	currency	1	typed:java.util.Map<String, Object>	-	-	retyped	-
market-census	ts/src/gate.ts	borrowIsolatedMargin	market	market	1	typed:java.util.Map<String, Object>	-	-	retyped	-
market-census	ts/src/gate.ts	borrowCrossMargin	currency	currency	1	typed:java.util.Map<String, Object>	-	-	retyped	-
market-census	ts/src/gate.ts	modifyMarginHelper	market	market	1	typed:java.util.Map<String, Object>	-	-	retyped	-
market-census	ts/src/gate.ts	fetchOpenInterestHistory	market	market	1	typed:java.util.Map<String, Object>	-	-	retyped	-
market-census	ts/src/gate.ts	fetchSettlementHistory	market	market	1	typed:java.util.Map<String, Object>	-	-	retyped	-
market-census	ts/src/gate.ts	fetchLiquidations	market	market	1	typed:java.util.Map<String, Object>	-	-	retyped	-
market-census	ts/src/gate.ts	fetchMyLiquidations	market	market	1	typed:java.util.Map<String, Object>	-	-	retyped	-
market-census	ts/src/gate.ts	fetchGreeks	market	market	1	typed:java.util.Map<String, Object>	-	-	retyped	-
market-census	ts/src/gate.ts	fetchOption	market	market	1	typed:java.util.Map<String, Object>	-	-	retyped	-
market-census	ts/src/gate.ts	fetchOptionChain	currency	currency	1	typed:java.util.Map<String, Object>	-	-	retyped	-
market-census	ts/src/hibachi.ts	fetchTrades	market	market	1	typed:java.util.Map<String, Object>	-	-	retyped	-
market-census	ts/src/hashkey.ts	fetchOrderBook	market	market	1	typed:java.util.Map<String, Object>	-	-	retyped	-
market-census	ts/src/hibachi.ts	fetchTicker	market	market	1	typed:java.util.Map<String, Object>	-	-	retyped	-
market-census	ts/src/hibachi.ts	createOrderRequest	market	market	1	typed:java.util.Map<String, Object>	-	-	retyped	-
market-census	ts/src/hibachi.ts	editOrderRequest	market	market	1	typed:java.util.Map<String, Object>	-	-	retyped	-
market-census	ts/src/hibachi.ts	cancelAllOrders	market	market	1	typed:java.util.Map<String, Object>	-	-	retyped	-
market-census	ts/src/hibachi.ts	fetchOrderBook	market	market	1	typed:java.util.Map<String, Object>	-	-	retyped	-
market-census	ts/src/hibachi.ts	fetchOrdersByStatus	parsedOrders	parseOrders	2	typed:java.util.List<Object>	-	java.util.List<Object>	retyped	-
market-census	ts/src/hibachi.ts	fetchOHLCV	market	market	1	typed:java.util.Map<String, Object>	-	-	retyped	-
market-census	ts/src/hibachi.ts	fetchLedger	currency	currency	1	typed:java.util.Map<String, Object>	-	-	retyped	-
market-census	ts/src/hibachi.ts	fetchDepositsWithdrawals	currency	safeCurrency	1	typed:java.util.Map<String, Object>	-	-	retyped	-
market-census	ts/src/hibachi.ts	fetchOpenInterest	market	market	1	typed:java.util.Map<String, Object>	-	-	retyped	-
market-census	ts/src/hibachi.ts	fetchFundingRate	market	market	1	typed:java.util.Map<String, Object>	-	-	retyped	-
market-census	ts/src/hibachi.ts	fetchFundingRateHistory	market	market	1	typed:java.util.Map<String, Object>	-	-	retyped	-
market-census	ts/src/hashkey.ts	fetchTrades	market	market	1	typed:java.util.Map<String, Object>	-	-	retyped	-
market-census	ts/src/hashkey.ts	fetchOHLCV	market	market	1	typed:java.util.Map<String, Object>	-	-	retyped	-
market-census	ts/src/hashkey.ts	fetchTicker	market	market	1	typed:java.util.Map<String, Object>	-	-	retyped	-
market-census	ts/src/hashkey.ts	fetchDepositAddress	currency	currency	1	typed:java.util.Map<String, Object>	-	-	retyped	-
market-census	ts/src/hashkey.ts	withdraw	currency	currency	1	typed:java.util.Map<String, Object>	-	-	retyped	-
market-census	ts/src/hashkey.ts	transfer	currency	currency	1	typed:java.util.Map<String, Object>	-	-	retyped	-
market-census	ts/src/hashkey.ts	fetchLedger	currency	currency	1	typed:java.util.Map<String, Object>	-	-	retyped	-
market-census	ts/src/hashkey.ts	createOrder	market	market	1	typed:java.util.Map<String, Object>	-	-	retyped	-
market-census	ts/src/hashkey.ts	createMarketBuyOrderWithCost	market	market	1	typed:java.util.Map<String, Object>	-	-	retyped	-
market-census	ts/src/hashkey.ts	createSpotOrder	market	market	1	typed:java.util.Map<String, Object>	-	-	retyped	-
market-census	ts/src/hashkey.ts	createOrderRequest	market	market	1	typed:java.util.Map<String, Object>	-	-	retyped	-
market-census	ts/src/hashkey.ts	createSpotOrderRequest	market	market	1	typed:java.util.Map<String, Object>	-	-	retyped	-
market-census	ts/src/hashkey.ts	createSwapOrderRequest	market	market	1	typed:java.util.Map<String, Object>	-	-	retyped	-
market-census	ts/src/hashkey.ts	createSwapOrder	market	market	1	typed:java.util.Map<String, Object>	-	-	retyped	-
market-census	ts/src/hashkey.ts	createOrders	market	market	1	typed:java.util.Map<String, Object>	-	-	retyped	-
market-census	ts/src/hashkey.ts	cancelAllOrders	market	market	1	typed:java.util.Map<String, Object>	-	-	retyped	-
market-census	ts/src/hashkey.ts	cancelAllOrders	order	safeOrder	1	none	no-table-entry	-	Object	sim-ok
market-census	ts/src/hashkey.ts	cancelOrders	order	safeOrder	1	none	no-table-entry	-	Object	sim-ok
market-census	ts/src/hashkey.ts	fetchOpenSwapOrders	market	market	1	typed:java.util.Map<String, Object>	-	-	retyped	-
market-census	ts/src/hashkey.ts	fetchFundingRate	market	market	1	typed:java.util.Map<String, Object>	-	-	retyped	-
market-census	ts/src/hashkey.ts	fetchFundingRateHistory	market	market	1	typed:java.util.Map<String, Object>	-	-	retyped	-
market-census	ts/src/hashkey.ts	fetchPositionsForSymbol	market	market	1	typed:java.util.Map<String, Object>	-	-	retyped	-
market-census	ts/src/hashkey.ts	fetchLeverage	market	market	1	typed:java.util.Map<String, Object>	-	-	retyped	-
market-census	ts/src/hashkey.ts	setLeverage	market	market	1	typed:java.util.Map<String, Object>	-	-	retyped	-
market-census	ts/src/hashkey.ts	setMarginMode	market	market	1	typed:java.util.Map<String, Object>	-	-	retyped	-
market-census	ts/src/hashkey.ts	modifyMarginHelper	market	market	1	typed:java.util.Map<String, Object>	-	-	retyped	-
market-census	ts/src/hashkey.ts	fetchTradingFee	market	market	1	typed:java.util.Map<String, Object>	-	-	retyped	-
market-census	ts/src/hollaex.ts	fetchOrderBook	market	market	1	typed:java.util.Map<String, Object>	-	-	retyped	-
market-census	ts/src/hitbtc.ts	createDepositAddress	currency	currency	1	typed:java.util.Map<String, Object>	-	-	retyped	-
market-census	ts/src/hollaex.ts	fetchTicker	market	market	1	typed:java.util.Map<String, Object>	-	-	retyped	-
market-census	ts/src/hollaex.ts	parseTickers	market	safeMarket	3	typed:java.util.Map<String, Object>	-	-	retyped	-
market-census	ts/src/hollaex.ts	fetchTrades	market	market	1	typed:java.util.Map<String, Object>	-	-	retyped	-
market-census	ts/src/hollaex.ts	fetchTradingFees	market	market	1	typed:java.util.Map<String, Object>	-	-	retyped	-
market-census	ts/src/hollaex.ts	fetchOHLCV	market	market	1	typed:java.util.Map<String, Object>	-	-	retyped	-
market-census	ts/src/hollaex.ts	createOrder	market	market	1	typed:java.util.Map<String, Object>	-	-	retyped	-
market-census	ts/src/hollaex.ts	withdraw	currency	currency	1	typed:java.util.Map<String, Object>	-	-	retyped	-
market-census	ts/src/hitbtc.ts	fetchDepositAddress	currency	currency	1	typed:java.util.Map<String, Object>	-	-	retyped	-
market-census	ts/src/hitbtc.ts	fetchTicker	market	market	1	typed:java.util.Map<String, Object>	-	-	retyped	-
market-census	ts/src/hitbtc.ts	fetchTickers	market	safeMarket	1	typed:java.util.Map<String, Object>	-	-	retyped	-
market-census	ts/src/hitbtc.ts	fetchTrades	marketInner	market	1	typed:java.util.Map<String, Object>	-	-	retyped	-
market-census	ts/src/hitbtc.ts	fetchTrades	parsed	parseTrades	2	typed:java.util.List<Object>	-	java.util.List<Object>	retyped	-
market-census	ts/src/hitbtc.ts	fetchOrderBook	market	market	1	typed:java.util.Map<String, Object>	-	-	retyped	-
market-census	ts/src/hitbtc.ts	fetchTradingFee	market	market	1	typed:java.util.Map<String, Object>	-	-	retyped	-
market-census	ts/src/hitbtc.ts	fetchOHLCV	market	market	1	typed:java.util.Map<String, Object>	-	-	retyped	-
market-census	ts/src/hitbtc.ts	fetchClosedOrders	parsed	parseOrders	4	typed:java.util.List<Object>	-	java.util.List<Object>	retyped	-
market-census	ts/src/hitbtc.ts	createOrder	market	market	1	typed:java.util.Map<String, Object>	-	-	retyped	-
market-census	ts/src/hitbtc.ts	transfer	currency	currency	1	typed:java.util.Map<String, Object>	-	-	retyped	-
market-census	ts/src/hitbtc.ts	withdraw	currency	currency	1	typed:java.util.Map<String, Object>	-	-	retyped	-
market-census	ts/src/hitbtc.ts	fetchFundingRates	marketInner	market	1	typed:java.util.Map<String, Object>	-	-	retyped	-
market-census	ts/src/hitbtc.ts	fetchFundingRateHistory	marketInner	safeMarket	1	typed:java.util.Map<String, Object>	-	-	retyped	-
market-census	ts/src/hitbtc.ts	fetchPosition	market	market	1	typed:java.util.Map<String, Object>	-	-	retyped	-
market-census	ts/src/hitbtc.ts	fetchOpenInterests	marketInner	safeMarket	1	typed:java.util.Map<String, Object>	-	-	retyped	-
market-census	ts/src/hitbtc.ts	fetchOpenInterest	market	market	1	typed:java.util.Map<String, Object>	-	-	retyped	-
market-census	ts/src/hitbtc.ts	fetchFundingRate	market	market	1	typed:java.util.Map<String, Object>	-	-	retyped	-
market-census	ts/src/hitbtc.ts	modifyMarginHelper	market	market	1	typed:java.util.Map<String, Object>	-	-	retyped	-
market-census	ts/src/hitbtc.ts	fetchLeverage	market	market	1	typed:java.util.Map<String, Object>	-	-	retyped	-
market-census	ts/src/hitbtc.ts	setLeverage	market	market	1	typed:java.util.Map<String, Object>	-	-	retyped	-
market-census	ts/src/hitbtc.ts	closePosition	market	market	1	typed:java.util.Map<String, Object>	-	-	retyped	-
market-census	ts/src/hyperliquid.ts	parseCurrency	result	safeCurrencyStructure	1	typed:java.util.Map<String, Object>	-	-	retyped	-
market-census	ts/src/htx.ts	fetchTradingFee	market	market	1	typed:java.util.Map<String, Object>	-	-	retyped	-
market-census	ts/src/hyperliquid.ts	fetchOrderBook	market	market	1	typed:java.util.Map<String, Object>	-	-	retyped	-
market-census	ts/src/hyperliquid.ts	fetchTickers	market	market	1	typed:java.util.Map<String, Object>	-	-	retyped	-
market-census	ts/src/hyperliquid.ts	fetchTickers	ticker	parseTicker	2	none	no-table-entry	-	Object	sim-ok
market-census	ts/src/hyperliquid.ts	fetchFundingRate	market	market	1	typed:java.util.Map<String, Object>	-	-	retyped	-
market-census	ts/src/hyperliquid.ts	fetchOHLCV	market	market	1	typed:java.util.Map<String, Object>	-	-	retyped	-
market-census	ts/src/hyperliquid.ts	amountToPrecision	market	market	1	typed:java.util.Map<String, Object>	-	-	retyped	-
market-census	ts/src/hyperliquid.ts	priceToPrecision	market	market	1	typed:java.util.Map<String, Object>	-	-	retyped	-
market-census	ts/src/hyperliquid.ts	createTwapOrder	market	market	1	typed:java.util.Map<String, Object>	-	-	retyped	-
market-census	ts/src/hyperliquid.ts	createOrderRequest	market	market	1	typed:java.util.Map<String, Object>	-	-	retyped	-
market-census	ts/src/hyperliquid.ts	createOrdersRequest	market	market	1	typed:java.util.Map<String, Object>	-	-	retyped	-
market-census	ts/src/hyperliquid.ts	cancelTwapOrder	market	market	1	typed:java.util.Map<String, Object>	-	-	retyped	-
market-census	ts/src/hyperliquid.ts	cancelOrdersRequest	market	market	1	typed:java.util.Map<String, Object>	-	-	retyped	-
market-census	ts/src/hyperliquid.ts	cancelOrdersForSymbols	market	market	1	typed:java.util.Map<String, Object>	-	-	retyped	-
market-census	ts/src/hyperliquid.ts	editOrdersRequest	market	market	1	typed:java.util.Map<String, Object>	-	-	retyped	-
market-census	ts/src/hyperliquid.ts	fetchFundingRateHistory	market	market	1	typed:java.util.Map<String, Object>	-	-	retyped	-
market-census	ts/src/hyperliquid.ts	getDexFromSymbols	market	market	1	typed:java.util.Map<String, Object>	-	-	retyped	-
market-census	ts/src/hyperliquid.ts	getDexFromSymbols	market	market	1	typed:java.util.Map<String, Object>	-	-	retyped	-
market-census	ts/src/hyperliquid.ts	setMarginMode	market	market	1	typed:java.util.Map<String, Object>	-	-	retyped	-
market-census	ts/src/hyperliquid.ts	setLeverage	market	market	1	typed:java.util.Map<String, Object>	-	-	retyped	-
market-census	ts/src/hyperliquid.ts	modifyMarginHelper	market	market	1	typed:java.util.Map<String, Object>	-	-	retyped	-
market-census	ts/src/hyperliquid.ts	transfer	currency	safeCurrency	1	typed:java.util.Map<String, Object>	-	-	retyped	-
market-census	ts/src/hyperliquid.ts	transfer	currency	currency	1	typed:java.util.Map<String, Object>	-	-	retyped	-
market-census	ts/src/hyperliquid.ts	fetchTradingFee	market	market	1	typed:java.util.Map<String, Object>	-	-	retyped	-
market-census	ts/src/hyperliquid.ts	parseCreateEditOrderArgs	market	market	1	typed:java.util.Map<String, Object>	-	-	retyped	-
market-census	ts/src/independentreserve.ts	fetchOrderBook	market	market	1	typed:java.util.Map<String, Object>	-	-	retyped	-
market-census	ts/src/independentreserve.ts	fetchTicker	market	market	1	typed:java.util.Map<String, Object>	-	-	retyped	-
market-census	ts/src/independentreserve.ts	fetchTrades	market	market	1	typed:java.util.Map<String, Object>	-	-	retyped	-
market-census	ts/src/independentreserve.ts	fetchTradingFees	market	market	1	typed:java.util.Map<String, Object>	-	-	retyped	-
market-census	ts/src/independentreserve.ts	createOrder	market	market	1	typed:java.util.Map<String, Object>	-	-	retyped	-
market-census	ts/src/independentreserve.ts	fetchDepositAddress	currency	currency	1	typed:java.util.Map<String, Object>	-	-	retyped	-
market-census	ts/src/independentreserve.ts	withdraw	currency	currency	1	typed:java.util.Map<String, Object>	-	-	retyped	-
market-census	ts/src/indodax.ts	fetchOrderBook	market	market	1	typed:java.util.Map<String, Object>	-	-	retyped	-
market-census	ts/src/htx.ts	fetchTicker	market	market	1	typed:java.util.Map<String, Object>	-	-	retyped	-
market-census	ts/src/htx.ts	fetchTicker	ticker	parseTicker	2	none	no-table-entry	-	Object	sim-ok
market-census	ts/src/htx.ts	fetchTickers	tickers	parseTickers	3	none	no-table-entry	-	Object	sim-ok
market-census	ts/src/htx.ts	fetchOrderBook	market	market	1	typed:java.util.Map<String, Object>	-	-	retyped	-
market-census	ts/src/htx.ts	fetchTrades	market	market	1	typed:java.util.Map<String, Object>	-	-	retyped	-
market-census	ts/src/htx.ts	fetchTrades	trade	parseTrade	2	none	no-table-entry	-	Object	sim-ok
market-census	ts/src/htx.ts	fetchOHLCV	market	market	1	typed:java.util.Map<String, Object>	-	-	retyped	-
market-census	ts/src/htx.ts	fetchContractOrders	market	market	1	typed:java.util.Map<String, Object>	-	-	retyped	-
market-census	ts/src/htx.ts	fetchClosedContractOrders	market	market	1	typed:java.util.Map<String, Object>	-	-	retyped	-
market-census	ts/src/htx.ts	createMarketBuyOrderWithCost	market	market	1	typed:java.util.Map<String, Object>	-	-	retyped	-
market-census	ts/src/htx.ts	createSpotOrderRequest	market	market	1	typed:java.util.Map<String, Object>	-	-	retyped	-
market-census	ts/src/htx.ts	createContractOrderRequest	market	market	1	typed:java.util.Map<String, Object>	-	-	retyped	-
market-census	ts/src/htx.ts	createOrder	market	market	1	typed:java.util.Map<String, Object>	-	-	retyped	-
market-census	ts/src/htx.ts	fetchDepositAddressesByNetwork	currency	currency	1	typed:java.util.Map<String, Object>	-	-	retyped	-
market-census	ts/src/htx.ts	fetchDepositAddress	currency	currency	1	typed:java.util.Map<String, Object>	-	-	retyped	-
market-census	ts/src/htx.ts	fetchWithdrawAddresses	currency	currency	1	typed:java.util.Map<String, Object>	-	-	retyped	-
market-census	ts/src/htx.ts	withdraw	currency	currency	1	typed:java.util.Map<String, Object>	-	-	retyped	-
market-census	ts/src/htx.ts	transfer	currency	currency	1	typed:java.util.Map<String, Object>	-	-	retyped	-
market-census	ts/src/htx.ts	fetchFundingRateHistory	market	market	1	typed:java.util.Map<String, Object>	-	-	retyped	-
market-census	ts/src/htx.ts	fetchFundingRate	market	market	1	typed:java.util.Map<String, Object>	-	-	retyped	-
market-census	ts/src/htx.ts	fetchFundingRates	market	market	1	typed:java.util.Map<String, Object>	-	-	retyped	-
market-census	ts/src/htx.ts	fetchBorrowInterest	currency	currency	1	typed:java.util.Map<String, Object>	-	-	retyped	-
market-census	ts/src/htx.ts	fetchFundingHistory	market	market	1	typed:java.util.Map<String, Object>	-	-	retyped	-
market-census	ts/src/htx.ts	setLeverage	market	market	1	typed:java.util.Map<String, Object>	-	-	retyped	-
market-census	ts/src/htx.ts	fetchPosition	market	market	1	typed:java.util.Map<String, Object>	-	-	retyped	-
market-census	ts/src/htx.ts	fetchOpenInterestHistory	market	market	1	typed:java.util.Map<String, Object>	-	-	retyped	-
market-census	ts/src/htx.ts	fetchOpenInterest	market	market	1	typed:java.util.Map<String, Object>	-	-	retyped	-
market-census	ts/src/htx.ts	borrowIsolatedMargin	currency	currency	1	typed:java.util.Map<String, Object>	-	-	retyped	-
market-census	ts/src/htx.ts	borrowIsolatedMargin	market	market	1	typed:java.util.Map<String, Object>	-	-	retyped	-
market-census	ts/src/htx.ts	borrowCrossMargin	currency	currency	1	typed:java.util.Map<String, Object>	-	-	retyped	-
market-census	ts/src/htx.ts	repayIsolatedMargin	currency	currency	1	typed:java.util.Map<String, Object>	-	-	retyped	-
market-census	ts/src/htx.ts	repayCrossMargin	currency	currency	1	typed:java.util.Map<String, Object>	-	-	retyped	-
market-census	ts/src/htx.ts	fetchSettlementHistory	market	market	1	typed:java.util.Map<String, Object>	-	-	retyped	-
market-census	ts/src/htx.ts	fetchLiquidations	market	market	1	typed:java.util.Map<String, Object>	-	-	retyped	-
market-census	ts/src/htx.ts	closePosition	market	market	1	typed:java.util.Map<String, Object>	-	-	retyped	-
market-census	ts/src/indodax.ts	fetchTicker	market	market	1	typed:java.util.Map<String, Object>	-	-	retyped	-
market-census	ts/src/indodax.ts	fetchTickers	market	safeMarket	1	typed:java.util.Map<String, Object>	-	-	retyped	-
market-census	ts/src/indodax.ts	fetchTickers	parsed	parseTicker	2	none	no-table-entry	-	Object	sim-ok
market-census	ts/src/indodax.ts	fetchTrades	market	market	1	typed:java.util.Map<String, Object>	-	-	retyped	-
market-census	ts/src/indodax.ts	fetchOHLCV	market	market	1	typed:java.util.Map<String, Object>	-	-	retyped	-
market-census	ts/src/indodax.ts	fetchOrder	market	market	1	typed:java.util.Map<String, Object>	-	-	retyped	-
market-census	ts/src/indodax.ts	fetchOrder	order	parseOrder	2	none	no-table-entry	-	Object	sim-ok
market-census	ts/src/indodax.ts	fetchOpenOrders	parsedOrders	parseOrders	4	typed:java.util.List<Object>	-	java.util.List<Object>	retyped	-
market-census	ts/src/indodax.ts	fetchClosedOrders	market	market	1	typed:java.util.Map<String, Object>	-	-	retyped	-
market-census	ts/src/indodax.ts	fetchClosedOrders	orders	parseOrders	2	none	unsafe-use:write [orders = this.filterBy (orders, 'status', 'closed') as Order[]]	-	Object	sim-unsafe:write [orders = this.filterBy (orders, 'status', 'closed') as Order[]]
market-census	ts/src/indodax.ts	createOrder	market	market	1	typed:java.util.Map<String, Object>	-	-	retyped	-
market-census	ts/src/indodax.ts	cancelOrder	market	market	1	typed:java.util.Map<String, Object>	-	-	retyped	-
market-census	ts/src/indodax.ts	fetchTransactionFee	currency	currency	1	typed:java.util.Map<String, Object>	-	-	retyped	-
market-census	ts/src/indodax.ts	fetchDepositWithdrawFee	currency	currency	1	typed:java.util.Map<String, Object>	-	-	retyped	-
market-census	ts/src/indodax.ts	withdraw	currency	currency	1	typed:java.util.Map<String, Object>	-	-	retyped	-
market-census	ts/src/krakenfutures.ts	fetchOrderBook	market	market	1	typed:java.util.Map<String, Object>	-	-	retyped	-
market-census	ts/src/kraken.ts	fetchTradingFee	market	market	1	typed:java.util.Map<String, Object>	-	-	retyped	-
market-census	ts/src/krakenfutures.ts	fetchTicker	market	market	1	typed:java.util.Map<String, Object>	-	-	retyped	-
market-census	ts/src/krakenfutures.ts	fetchTradingFees	market	market	1	typed:java.util.Map<String, Object>	-	-	retyped	-
market-census	ts/src/krakenfutures.ts	fetchOHLCV	market	market	1	typed:java.util.Map<String, Object>	-	-	retyped	-
market-census	ts/src/krakenfutures.ts	fetchTrades	market	market	1	typed:java.util.Map<String, Object>	-	-	retyped	-
market-census	ts/src/krakenfutures.ts	createOrderRequest	market	market	1	typed:java.util.Map<String, Object>	-	-	retyped	-
market-census	ts/src/krakenfutures.ts	createOrder	market	market	1	typed:java.util.Map<String, Object>	-	-	retyped	-
market-census	ts/src/krakenfutures.ts	editOrder	order	parseOrder	1	none	no-table-entry	-	Object	sim-ok
market-census	ts/src/krakenfutures.ts	fetchFundingRates	market	safeMarket	1	typed:java.util.Map<String, Object>	-	-	retyped	-
market-census	ts/src/krakenfutures.ts	fetchFundingRateHistory	market	market	1	typed:java.util.Map<String, Object>	-	-	retyped	-
market-census	ts/src/krakenfutures.ts	parseAccount	market	market	1	typed:java.util.Map<String, Object>	-	-	retyped	-
market-census	ts/src/krakenfutures.ts	transfer	currency	currency	1	typed:java.util.Map<String, Object>	-	-	retyped	-
market-census	ts/src/krakenfutures.ts	fetchLeverage	market	market	1	typed:java.util.Map<String, Object>	-	-	retyped	-
market-census	ts/src/kraken.ts	fetchOrderBook	market	market	1	typed:java.util.Map<String, Object>	-	-	retyped	-
market-census	ts/src/kraken.ts	fetchTickers	market	market	1	typed:java.util.Map<String, Object>	-	-	retyped	-
market-census	ts/src/kraken.ts	fetchTickers	market	safeMarket	1	typed:java.util.Map<String, Object>	-	-	retyped	-
market-census	ts/src/kraken.ts	fetchTicker	market	market	1	typed:java.util.Map<String, Object>	-	-	retyped	-
market-census	ts/src/kraken.ts	fetchOHLCV	market	market	1	typed:java.util.Map<String, Object>	-	-	retyped	-
market-census	ts/src/kraken.ts	fetchTrades	market	market	1	typed:java.util.Map<String, Object>	-	-	retyped	-
market-census	ts/src/kraken.ts	createOrder	market	market	1	typed:java.util.Map<String, Object>	-	-	retyped	-
market-census	ts/src/kraken.ts	editOrder	market	market	1	typed:java.util.Map<String, Object>	-	-	retyped	-
market-census	ts/src/kraken.ts	fetchOrderTrades	trades	parseTrades	4	typed:java.util.List<Object>	-	java.util.List<Object>	retyped	-
market-census	ts/src/kraken.ts	fetchOrdersByIds	order	parseOrder	1	none	no-table-entry	-	Object	sim-ok
market-census	ts/src/kraken.ts	fetchDeposits	currency	currency	1	typed:java.util.Map<String, Object>	-	-	retyped	-
market-census	ts/src/kraken.ts	fetchWithdrawals	currency	currency	1	typed:java.util.Map<String, Object>	-	-	retyped	-
market-census	ts/src/kraken.ts	fetchDepositMethods	currency	currency	1	typed:java.util.Map<String, Object>	-	-	retyped	-
market-census	ts/src/kraken.ts	fetchDepositAddress	currency	currency	1	typed:java.util.Map<String, Object>	-	-	retyped	-
market-census	ts/src/kraken.ts	withdraw	currency	currency	1	typed:java.util.Map<String, Object>	-	-	retyped	-
market-census	ts/src/kraken.ts	transfer	currency	currency	1	typed:java.util.Map<String, Object>	-	-	retyped	-
market-census	ts/src/kucoinfutures.ts	transfer	currency	currency	1	typed:java.util.Map<String, Object>	-	-	retyped	-
market-census	ts/src/latoken.ts	fetchOrderBook	market	market	1	typed:java.util.Map<String, Object>	-	-	retyped	-
market-census	ts/src/latoken.ts	fetchTicker	market	market	1	typed:java.util.Map<String, Object>	-	-	retyped	-
market-census	ts/src/latoken.ts	fetchTrades	market	market	1	typed:java.util.Map<String, Object>	-	-	retyped	-
market-census	ts/src/latoken.ts	fetchPublicTradingFee	market	market	1	typed:java.util.Map<String, Object>	-	-	retyped	-
market-census	ts/src/latoken.ts	fetchPrivateTradingFee	market	market	1	typed:java.util.Map<String, Object>	-	-	retyped	-
market-census	ts/src/latoken.ts	fetchOpenOrders	market	market	1	typed:java.util.Map<String, Object>	-	-	retyped	-
market-census	ts/src/latoken.ts	createOrder	market	market	1	typed:java.util.Map<String, Object>	-	-	retyped	-
market-census	ts/src/latoken.ts	fetchTransfers	currency	currency	1	typed:java.util.Map<String, Object>	-	-	retyped	-
market-census	ts/src/latoken.ts	transfer	currency	currency	1	typed:java.util.Map<String, Object>	-	-	retyped	-
market-census	ts/src/lbank.ts	fetchTicker	market	market	1	typed:java.util.Map<String, Object>	-	-	retyped	-
market-census	ts/src/kucoin.ts	fetchTransactionFee	currency	currency	1	typed:java.util.Map<String, Object>	-	-	retyped	-
market-census	ts/src/lbank.ts	fetchOrderBook	market	market	1	typed:java.util.Map<String, Object>	-	-	retyped	-
market-census	ts/src/lbank.ts	fetchTrades	market	market	1	typed:java.util.Map<String, Object>	-	-	retyped	-
market-census	ts/src/lbank.ts	fetchOHLCV	market	market	1	typed:java.util.Map<String, Object>	-	-	retyped	-
market-census	ts/src/lbank.ts	fetchFundingRate	market	market	1	typed:java.util.Map<String, Object>	-	-	retyped	-
market-census	ts/src/lbank.ts	fetchTradingFee	market	market	1	typed:java.util.Map<String, Object>	-	-	retyped	-
market-census	ts/src/lbank.ts	createMarketBuyOrderWithCost	market	market	1	typed:java.util.Map<String, Object>	-	-	retyped	-
market-census	ts/src/lbank.ts	createOrder	market	market	1	typed:java.util.Map<String, Object>	-	-	retyped	-
market-census	ts/src/lbank.ts	fetchOrderSupplement	market	market	1	typed:java.util.Map<String, Object>	-	-	retyped	-
market-census	ts/src/lbank.ts	fetchOrderDefault	market	market	1	typed:java.util.Map<String, Object>	-	-	retyped	-
market-census	ts/src/lbank.ts	fetchMyTrades	market	market	1	typed:java.util.Map<String, Object>	-	-	retyped	-
market-census	ts/src/lbank.ts	fetchOrders	market	market	1	typed:java.util.Map<String, Object>	-	-	retyped	-
market-census	ts/src/lbank.ts	fetchOpenOrders	market	market	1	typed:java.util.Map<String, Object>	-	-	retyped	-
market-census	ts/src/lbank.ts	cancelOrder	market	market	1	typed:java.util.Map<String, Object>	-	-	retyped	-
market-census	ts/src/lbank.ts	cancelAllOrders	market	market	1	typed:java.util.Map<String, Object>	-	-	retyped	-
market-census	ts/src/lbank.ts	fetchDepositAddressDefault	currency	currency	1	typed:java.util.Map<String, Object>	-	-	retyped	-
market-census	ts/src/lbank.ts	fetchDepositAddressSupplement	currency	currency	1	typed:java.util.Map<String, Object>	-	-	retyped	-
market-census	ts/src/lbank.ts	withdraw	currency	currency	1	typed:java.util.Map<String, Object>	-	-	retyped	-
market-census	ts/src/lbank.ts	fetchPublicTransactionFees	currency	currency	1	typed:java.util.Map<String, Object>	-	-	retyped	-
market-census	ts/src/lighter.ts	createOrderRequest	market	market	1	typed:java.util.Map<String, Object>	-	-	retyped	-
market-census	ts/src/lighter.ts	signAndCreateOrder	market	market	1	typed:java.util.Map<String, Object>	-	-	retyped	-
market-census	ts/src/lighter.ts	editOrder	market	market	1	typed:java.util.Map<String, Object>	-	-	retyped	-
market-census	ts/src/lighter.ts	fetchOrderBook	market	market	1	typed:java.util.Map<String, Object>	-	-	retyped	-
market-census	ts/src/lighter.ts	fetchTicker	market	market	1	typed:java.util.Map<String, Object>	-	-	retyped	-
market-census	ts/src/lighter.ts	fetchOHLCV	market	market	1	typed:java.util.Map<String, Object>	-	-	retyped	-
market-census	ts/src/lighter.ts	fetchOpenOrders	market	market	1	typed:java.util.Map<String, Object>	-	-	retyped	-
market-census	ts/src/lighter.ts	fetchClosedOrders	market	market	1	typed:java.util.Map<String, Object>	-	-	retyped	-
market-census	ts/src/lighter.ts	transfer	currency	currency	1	typed:java.util.Map<String, Object>	-	-	retyped	-
market-census	ts/src/lighter.ts	withdraw	currency	currency	1	typed:java.util.Map<String, Object>	-	-	retyped	-
market-census	ts/src/lighter.ts	modifyLeverageAndMarginMode	market	market	1	typed:java.util.Map<String, Object>	-	-	retyped	-
market-census	ts/src/lighter.ts	signAndCancelOrder	market	market	1	typed:java.util.Map<String, Object>	-	-	retyped	-
market-census	ts/src/lighter.ts	setMargin	market	market	1	typed:java.util.Map<String, Object>	-	-	retyped	-
market-census	ts/src/luno.ts	fetchOrderBook	market	market	1	typed:java.util.Map<String, Object>	-	-	retyped	-
market-census	ts/src/luno.ts	fetchTickers	market	safeMarket	1	typed:java.util.Map<String, Object>	-	-	retyped	-
market-census	ts/src/luno.ts	fetchTicker	market	market	1	typed:java.util.Map<String, Object>	-	-	retyped	-
market-census	ts/src/luno.ts	fetchTrades	market	market	1	typed:java.util.Map<String, Object>	-	-	retyped	-
market-census	ts/src/luno.ts	fetchOHLCV	market	market	1	typed:java.util.Map<String, Object>	-	-	retyped	-
market-census	ts/src/luno.ts	fetchMyTrades	market	market	1	typed:java.util.Map<String, Object>	-	-	retyped	-
market-census	ts/src/luno.ts	fetchTradingFee	market	market	1	typed:java.util.Map<String, Object>	-	-	retyped	-
market-census	ts/src/luno.ts	createOrder	market	market	1	typed:java.util.Map<String, Object>	-	-	retyped	-
market-census	ts/src/luno.ts	createDepositAddress	currency	currency	1	typed:java.util.Map<String, Object>	-	-	retyped	-
market-census	ts/src/luno.ts	fetchDepositAddress	currency	currency	1	typed:java.util.Map<String, Object>	-	-	retyped	-
market-census	ts/src/luno.ts	fetchDepositWithdrawFee	currency	currency	1	typed:java.util.Map<String, Object>	-	-	retyped	-
market-census	ts/src/mercado.ts	fetchOrderBook	market	market	1	typed:java.util.Map<String, Object>	-	-	retyped	-
market-census	ts/src/kucoin.ts	fetchDepositWithdrawFee	currency	currency	1	typed:java.util.Map<String, Object>	-	-	retyped	-
market-census	ts/src/kucoin.ts	fetchContractTickers	tickers	parseTickers	2	none	no-table-entry	-	Object	sim-ok
market-census	ts/src/kucoin.ts	fetchTicker	market	market	1	typed:java.util.Map<String, Object>	-	-	retyped	-
market-census	ts/src/kucoin.ts	fetchMarkPrice	market	market	1	typed:java.util.Map<String, Object>	-	-	retyped	-
market-census	ts/src/kucoin.ts	fetchOHLCV	market	market	1	typed:java.util.Map<String, Object>	-	-	retyped	-
market-census	ts/src/kucoin.ts	fetchUTAOHLCV	market	market	1	typed:java.util.Map<String, Object>	-	-	retyped	-
market-census	ts/src/kucoin.ts	fetchSpotOHLCV	market	market	1	typed:java.util.Map<String, Object>	-	-	retyped	-
market-census	ts/src/kucoin.ts	fetchContractOHLCV	market	market	1	typed:java.util.Map<String, Object>	-	-	retyped	-
market-census	ts/src/kucoin.ts	createDepositAddress	currency	currency	1	typed:java.util.Map<String, Object>	-	-	retyped	-
market-census	ts/src/kucoin.ts	fetchDepositAddress	currency	currency	1	typed:java.util.Map<String, Object>	-	-	retyped	-
market-census	ts/src/kucoin.ts	fetchContractDepositAddress	currency	currency	1	typed:java.util.Map<String, Object>	-	-	retyped	-
market-census	ts/src/kucoin.ts	fetchDepositAddressesByNetwork	currency	currency	1	typed:java.util.Map<String, Object>	-	-	retyped	-
market-census	ts/src/kucoin.ts	fetchOrderBook	market	market	1	typed:java.util.Map<String, Object>	-	-	retyped	-
market-census	ts/src/kucoin.ts	createOrder	market	market	1	typed:java.util.Map<String, Object>	-	-	retyped	-
market-census	ts/src/kucoin.ts	createSpotOrder	market	market	1	typed:java.util.Map<String, Object>	-	-	retyped	-
market-census	ts/src/kucoin.ts	createSpotOrderRequest	market	market	1	typed:java.util.Map<String, Object>	-	-	retyped	-
market-census	ts/src/kucoin.ts	marketOrderAmountToPrecision	market	market	1	typed:java.util.Map<String, Object>	-	-	retyped	-
market-census	ts/src/kucoin.ts	createContractOrder	market	market	1	typed:java.util.Map<String, Object>	-	-	retyped	-
market-census	ts/src/kucoin.ts	createContractOrderRequest	market	market	1	typed:java.util.Map<String, Object>	-	-	retyped	-
market-census	ts/src/kucoin.ts	createUtaOrder	market	market	1	typed:java.util.Map<String, Object>	-	-	retyped	-
market-census	ts/src/kucoin.ts	createUtaOrderRequest	market	market	1	typed:java.util.Map<String, Object>	-	-	retyped	-
market-census	ts/src/kucoin.ts	createOrders	market	market	1	typed:java.util.Map<String, Object>	-	-	retyped	-
market-census	ts/src/kucoin.ts	createSpotOrders	market	market	1	typed:java.util.Map<String, Object>	-	-	retyped	-
market-census	ts/src/kucoin.ts	editOrder	market	market	1	typed:java.util.Map<String, Object>	-	-	retyped	-
market-census	ts/src/kucoin.ts	cancelSpotOrder	market	market	1	typed:java.util.Map<String, Object>	-	-	retyped	-
market-census	ts/src/kucoin.ts	cancelContractOrder	market	market	1	typed:java.util.Map<String, Object>	-	-	retyped	-
market-census	ts/src/kucoin.ts	cancelUtaOrder	market	market	1	typed:java.util.Map<String, Object>	-	-	retyped	-
market-census	ts/src/kucoin.ts	cancelAllUtaOrders	market	market	1	typed:java.util.Map<String, Object>	-	-	retyped	-
market-census	ts/src/kucoin.ts	fetchOrdersByStatus	market	market	1	typed:java.util.Map<String, Object>	-	-	retyped	-
market-census	ts/src/kucoin.ts	fetchOrder	market	market	1	typed:java.util.Map<String, Object>	-	-	retyped	-
market-census	ts/src/kucoin.ts	fetchUtaOrder	market	market	1	typed:java.util.Map<String, Object>	-	-	retyped	-
market-census	ts/src/kucoin.ts	fetchTrades	market	market	1	typed:java.util.Map<String, Object>	-	-	retyped	-
market-census	ts/src/kucoin.ts	fetchTradingFee	market	market	1	typed:java.util.Map<String, Object>	-	-	retyped	-
market-census	ts/src/kucoin.ts	withdraw	currency	currency	1	typed:java.util.Map<String, Object>	-	-	retyped	-
market-census	ts/src/kucoin.ts	fetchContractBalance	currency	currency	1	typed:java.util.Map<String, Object>	-	-	retyped	-
market-census	ts/src/kucoin.ts	transferUta	currency	currency	1	typed:java.util.Map<String, Object>	-	-	retyped	-
market-census	ts/src/kucoin.ts	transferClassic	currency	currency	1	typed:java.util.Map<String, Object>	-	-	retyped	-
market-census	ts/src/kucoin.ts	fetchBorrowRateHistory	currency	currency	1	typed:java.util.Map<String, Object>	-	-	retyped	-
market-census	ts/src/kucoin.ts	fetchCrossBorrowRate	currency	currency	1	typed:java.util.Map<String, Object>	-	-	retyped	-
market-census	ts/src/kucoin.ts	borrowCrossMargin	currency	currency	1	typed:java.util.Map<String, Object>	-	-	retyped	-
market-census	ts/src/kucoin.ts	borrowIsolatedMargin	market	market	1	typed:java.util.Map<String, Object>	-	-	retyped	-
market-census	ts/src/kucoin.ts	borrowIsolatedMargin	currency	currency	1	typed:java.util.Map<String, Object>	-	-	retyped	-
market-census	ts/src/kucoin.ts	repayCrossMargin	currency	currency	1	typed:java.util.Map<String, Object>	-	-	retyped	-
market-census	ts/src/kucoin.ts	repayIsolatedMargin	market	market	1	typed:java.util.Map<String, Object>	-	-	retyped	-
market-census	ts/src/kucoin.ts	repayIsolatedMargin	currency	currency	1	typed:java.util.Map<String, Object>	-	-	retyped	-
market-census	ts/src/kucoin.ts	fetchLeverage	market	market	1	typed:java.util.Map<String, Object>	-	-	retyped	-
market-census	ts/src/kucoin.ts	setContractLeverage	market	market	1	typed:java.util.Map<String, Object>	-	-	retyped	-
market-census	ts/src/kucoin.ts	fetchFundingRate	market	market	1	typed:java.util.Map<String, Object>	-	-	retyped	-
market-census	ts/src/kucoin.ts	fetchFundingRateHistory	market	market	1	typed:java.util.Map<String, Object>	-	-	retyped	-
market-census	ts/src/kucoin.ts	fetchPosition	market	market	1	typed:java.util.Map<String, Object>	-	-	retyped	-
market-census	ts/src/kucoin.ts	fetchPositionsHistory	market	market	1	typed:java.util.Map<String, Object>	-	-	retyped	-
market-census	ts/src/kucoin.ts	addMargin	market	market	1	typed:java.util.Map<String, Object>	-	-	retyped	-
market-census	ts/src/kucoin.ts	reduceMargin	market	market	1	typed:java.util.Map<String, Object>	-	-	retyped	-
market-census	ts/src/kucoin.ts	fetchMarginMode	market	market	1	typed:java.util.Map<String, Object>	-	-	retyped	-
market-census	ts/src/kucoin.ts	setMarginMode	market	market	1	typed:java.util.Map<String, Object>	-	-	retyped	-
market-census	ts/src/kucoin.ts	closePosition	market	market	1	typed:java.util.Map<String, Object>	-	-	retyped	-
market-census	ts/src/kucoin.ts	fetchMarketLeverageTiers	market	market	1	typed:java.util.Map<String, Object>	-	-	retyped	-
market-census	ts/src/kucoin.ts	fetchOpenInterestHistory	market	market	1	typed:java.util.Map<String, Object>	-	-	retyped	-
market-census	ts/src/mercado.ts	fetchTicker	market	market	1	typed:java.util.Map<String, Object>	-	-	retyped	-
market-census	ts/src/mercado.ts	fetchTrades	market	market	1	typed:java.util.Map<String, Object>	-	-	retyped	-
market-census	ts/src/mercado.ts	createOrder	market	market	1	typed:java.util.Map<String, Object>	-	-	retyped	-
market-census	ts/src/mercado.ts	cancelOrder	market	market	1	typed:java.util.Map<String, Object>	-	-	retyped	-
market-census	ts/src/mercado.ts	fetchOrder	market	market	1	typed:java.util.Map<String, Object>	-	-	retyped	-
market-census	ts/src/mercado.ts	withdraw	currency	currency	1	typed:java.util.Map<String, Object>	-	-	retyped	-
market-census	ts/src/mercado.ts	fetchOHLCV	market	market	1	typed:java.util.Map<String, Object>	-	-	retyped	-
market-census	ts/src/mercado.ts	fetchOrders	market	market	1	typed:java.util.Map<String, Object>	-	-	retyped	-
market-census	ts/src/mercado.ts	fetchOpenOrders	market	market	1	typed:java.util.Map<String, Object>	-	-	retyped	-
market-census	ts/src/mercado.ts	fetchMyTrades	market	market	1	typed:java.util.Map<String, Object>	-	-	retyped	-
market-census	ts/src/mercado.ts	fetchMyTrades	orders	parseOrders	4	typed:java.util.List<Object>	-	java.util.List<Object>	retyped	-
market-census	ts/src/modetrade.ts	fetchTrades	market	market	1	typed:java.util.Map<String, Object>	-	-	retyped	-
market-census	ts/src/mexc.ts	fetchOrderBook	market	market	1	typed:java.util.Map<String, Object>	-	-	retyped	-
market-census	ts/src/modetrade.ts	fetchFundingRate	market	market	1	typed:java.util.Map<String, Object>	-	-	retyped	-
market-census	ts/src/modetrade.ts	fetchFundingRateHistory	market	market	1	typed:java.util.Map<String, Object>	-	-	retyped	-
market-census	ts/src/modetrade.ts	fetchOrderBook	market	market	1	typed:java.util.Map<String, Object>	-	-	retyped	-
market-census	ts/src/modetrade.ts	fetchOHLCV	market	market	1	typed:java.util.Map<String, Object>	-	-	retyped	-
market-census	ts/src/modetrade.ts	createOrderRequest	market	market	1	typed:java.util.Map<String, Object>	-	-	retyped	-
market-census	ts/src/modetrade.ts	createOrder	market	market	1	typed:java.util.Map<String, Object>	-	-	retyped	-
market-census	ts/src/modetrade.ts	createOrder	order	parseOrder	2	none	no-table-entry	-	Object	sim-ok
market-census	ts/src/modetrade.ts	editOrder	market	market	1	typed:java.util.Map<String, Object>	-	-	retyped	-
market-census	ts/src/modetrade.ts	cancelAllOrders	market	market	1	typed:java.util.Map<String, Object>	-	-	retyped	-
market-census	ts/src/modetrade.ts	withdraw	currency	currency	1	typed:java.util.Map<String, Object>	-	-	retyped	-
market-census	ts/src/modetrade.ts	fetchLeverage	market	market	1	typed:java.util.Map<String, Object>	-	-	retyped	-
market-census	ts/src/modetrade.ts	fetchPosition	market	market	1	typed:java.util.Map<String, Object>	-	-	retyped	-
market-census	ts/src/mexc.ts	fetchTrades	market	market	1	typed:java.util.Map<String, Object>	-	-	retyped	-
market-census	ts/src/mexc.ts	fetchOHLCV	market	market	1	typed:java.util.Map<String, Object>	-	-	retyped	-
market-census	ts/src/mexc.ts	fetchTicker	market	market	1	typed:java.util.Map<String, Object>	-	-	retyped	-
market-census	ts/src/mexc.ts	createMarketBuyOrderWithCost	market	market	1	typed:java.util.Map<String, Object>	-	-	retyped	-
market-census	ts/src/mexc.ts	createMarketSellOrderWithCost	market	market	1	typed:java.util.Map<String, Object>	-	-	retyped	-
market-census	ts/src/mexc.ts	createOrder	market	market	1	typed:java.util.Map<String, Object>	-	-	retyped	-
market-census	ts/src/mexc.ts	createSpotOrder	order	parseOrder	2	none	no-table-entry	-	Object	sim-ok
market-census	ts/src/mexc.ts	createOrders	market	market	1	typed:java.util.Map<String, Object>	-	-	retyped	-
market-census	ts/src/mexc.ts	fetchOrder	market	market	1	typed:java.util.Map<String, Object>	-	-	retyped	-
market-census	ts/src/mexc.ts	fetchTradingFee	market	market	1	typed:java.util.Map<String, Object>	-	-	retyped	-
market-census	ts/src/mexc.ts	fetchBalance	market	market	1	typed:java.util.Map<String, Object>	-	-	retyped	-
market-census	ts/src/mexc.ts	fetchMyTrades	market	market	1	typed:java.util.Map<String, Object>	-	-	retyped	-
market-census	ts/src/mexc.ts	fetchFundingRate	market	market	1	typed:java.util.Map<String, Object>	-	-	retyped	-
market-census	ts/src/mexc.ts	fetchFundingRateHistory	market	market	1	typed:java.util.Map<String, Object>	-	-	retyped	-
market-census	ts/src/mexc.ts	fetchDepositAddressesByNetwork	currency	currency	1	typed:java.util.Map<String, Object>	-	-	retyped	-
market-census	ts/src/mexc.ts	createDepositAddress	currency	currency	1	typed:java.util.Map<String, Object>	-	-	retyped	-
market-census	ts/src/mexc.ts	fetchPosition	market	market	1	typed:java.util.Map<String, Object>	-	-	retyped	-
market-census	ts/src/mexc.ts	transfer	currency	currency	1	typed:java.util.Map<String, Object>	-	-	retyped	-
market-census	ts/src/mexc.ts	transfer	market	market	1	typed:java.util.Map<String, Object>	-	-	retyped	-
market-census	ts/src/mexc.ts	withdraw	currency	currency	1	typed:java.util.Map<String, Object>	-	-	retyped	-
market-census	ts/src/mexc.ts	parseTransactionFees	currency	safeCurrency	1	typed:java.util.Map<String, Object>	-	-	retyped	-
market-census	ts/src/mexc.ts	fetchLeverage	market	market	1	typed:java.util.Map<String, Object>	-	-	retyped	-
market-census	ts/src/mexc.ts	fetchPositionsHistory	market	market	1	typed:java.util.Map<String, Object>	-	-	retyped	-
market-census	ts/src/mexc.ts	setMarginMode	market	market	1	typed:java.util.Map<String, Object>	-	-	retyped	-
market-census	ts/src/mudrex.ts	fetchOHLCV	market	market	1	typed:java.util.Map<String, Object>	-	-	retyped	-
market-census	ts/src/mudrex.ts	fetchTicker	market	market	1	typed:java.util.Map<String, Object>	-	-	retyped	-
market-census	ts/src/mudrex.ts	fetchTickers	m	safeMarket	1	typed:java.util.Map<String, Object>	-	-	retyped	-
market-census	ts/src/mudrex.ts	fetchLeverage	market	market	1	typed:java.util.Map<String, Object>	-	-	retyped	-
market-census	ts/src/mudrex.ts	setLeverage	market	market	1	typed:java.util.Map<String, Object>	-	-	retyped	-
market-census	ts/src/mudrex.ts	createOrder	market	market	1	typed:java.util.Map<String, Object>	-	-	retyped	-
market-census	ts/src/mudrex.ts	createOrder	order	parseOrder	2	none	no-table-entry	-	Object	sim-ok
market-census	ts/src/mudrex.ts	fetchPositions	m	safeMarket	1	typed:java.util.Map<String, Object>	-	-	retyped	-
market-census	ts/src/mudrex.ts	closePosition	market	market	1	typed:java.util.Map<String, Object>	-	-	retyped	-
market-census	ts/src/nado.ts	createOrder	market	market	1	typed:java.util.Map<String, Object>	-	-	retyped	-
market-census	ts/src/ndax.ts	fetchOrderBook	market	market	1	typed:java.util.Map<String, Object>	-	-	retyped	-
market-census	ts/src/ndax.ts	fetchTickers	tickers	parseTickers	1	none	no-table-entry	-	Object	sim-ok
market-census	ts/src/ndax.ts	fetchTicker	market	market	1	typed:java.util.Map<String, Object>	-	-	retyped	-
market-census	ts/src/ndax.ts	fetchOHLCV	market	market	1	typed:java.util.Map<String, Object>	-	-	retyped	-
market-census	ts/src/ndax.ts	fetchTrades	market	market	1	typed:java.util.Map<String, Object>	-	-	retyped	-
market-census	ts/src/ndax.ts	createOrder	market	market	1	typed:java.util.Map<String, Object>	-	-	retyped	-
market-census	ts/src/ndax.ts	editOrder	market	market	1	typed:java.util.Map<String, Object>	-	-	retyped	-
market-census	ts/src/ndax.ts	cancelAllOrders	market	market	1	typed:java.util.Map<String, Object>	-	-	retyped	-
market-census	ts/src/ndax.ts	cancelOrder	order	parseOrder	2	none	no-table-entry	-	Object	sim-ok
market-census	ts/src/ndax.ts	fetchDepositAddress	currency	currency	1	typed:java.util.Map<String, Object>	-	-	retyped	-
market-census	ts/src/ndax.ts	withdraw	currency	currency	1	typed:java.util.Map<String, Object>	-	-	retyped	-
market-census	ts/src/nado.ts	createOrderRequest	market	market	1	typed:java.util.Map<String, Object>	-	-	retyped	-
market-census	ts/src/nado.ts	editOrder	market	market	1	typed:java.util.Map<String, Object>	-	-	retyped	-
market-census	ts/src/nado.ts	editOrderRequest	market	market	1	typed:java.util.Map<String, Object>	-	-	retyped	-
market-census	ts/src/nado.ts	cancelAllOrdersRequest	market	market	1	typed:java.util.Map<String, Object>	-	-	retyped	-
market-census	ts/src/nado.ts	cancelOrders	market	market	1	typed:java.util.Map<String, Object>	-	-	retyped	-
market-census	ts/src/nado.ts	cancelOrdersRequest	market	market	1	typed:java.util.Map<String, Object>	-	-	retyped	-
market-census	ts/src/nado.ts	fetchOrder	market	market	1	typed:java.util.Map<String, Object>	-	-	retyped	-
market-census	ts/src/nado.ts	fetchOpenOrders	market	market	1	typed:java.util.Map<String, Object>	-	-	retyped	-
market-census	ts/src/nado.ts	fetchCurrencies	parsed	parseCurrency	1	none	no-table-entry	-	Object	sim-ok
market-census	ts/src/nado.ts	fetchTicker	market	market	1	typed:java.util.Map<String, Object>	-	-	retyped	-
market-census	ts/src/nado.ts	fetchFundingRate	market	market	1	typed:java.util.Map<String, Object>	-	-	retyped	-
market-census	ts/src/nado.ts	fetchFundingHistory	market	market	1	typed:java.util.Map<String, Object>	-	-	retyped	-
market-census	ts/src/nado.ts	fetchOpenInterest	market	market	1	typed:java.util.Map<String, Object>	-	-	retyped	-
market-census	ts/src/nado.ts	fetchOrderBook	market	market	1	typed:java.util.Map<String, Object>	-	-	retyped	-
market-census	ts/src/nado.ts	fetchTrades	market	market	1	typed:java.util.Map<String, Object>	-	-	retyped	-
market-census	ts/src/nado.ts	fetchOHLCV	market	market	1	typed:java.util.Map<String, Object>	-	-	retyped	-
market-census	ts/src/nado.ts	parseBalance	market	safeMarket	4	typed:java.util.Map<String, Object>	-	-	retyped	-
market-census	ts/src/onetrading.ts	fetchPublicTradingFees	market	market	1	typed:java.util.Map<String, Object>	-	-	retyped	-
market-census	ts/src/onetrading.ts	fetchPrivateTradingFees	market	market	1	typed:java.util.Map<String, Object>	-	-	retyped	-
market-census	ts/src/onetrading.ts	fetchTicker	market	market	1	typed:java.util.Map<String, Object>	-	-	retyped	-
market-census	ts/src/onetrading.ts	fetchTickers	ticker	parseTicker	1	none	no-table-entry	-	Object	sim-ok
market-census	ts/src/onetrading.ts	fetchOrderBook	market	market	1	typed:java.util.Map<String, Object>	-	-	retyped	-
market-census	ts/src/onetrading.ts	fetchOHLCV	market	market	1	typed:java.util.Map<String, Object>	-	-	retyped	-
market-census	ts/src/onetrading.ts	createOrder	market	market	1	typed:java.util.Map<String, Object>	-	-	retyped	-
market-census	ts/src/onetrading.ts	cancelAllOrders	market	market	1	typed:java.util.Map<String, Object>	-	-	retyped	-
market-census	ts/src/onetrading.ts	cancelOrders	order	safeOrder	1	none	no-table-entry	-	Object	sim-ok
market-census	ts/src/p2b.ts	fetchTicker	market	market	1	typed:java.util.Map<String, Object>	-	-	retyped	-
market-census	ts/src/p2b.ts	fetchOrderBook	market	market	1	typed:java.util.Map<String, Object>	-	-	retyped	-
market-census	ts/src/p2b.ts	fetchTrades	market	market	1	typed:java.util.Map<String, Object>	-	-	retyped	-
market-census	ts/src/p2b.ts	fetchOHLCV	market	market	1	typed:java.util.Map<String, Object>	-	-	retyped	-
market-census	ts/src/p2b.ts	createOrder	market	market	1	typed:java.util.Map<String, Object>	-	-	retyped	-
market-census	ts/src/p2b.ts	cancelOrder	market	market	1	typed:java.util.Map<String, Object>	-	-	retyped	-
market-census	ts/src/p2b.ts	fetchOpenOrders	market	market	1	typed:java.util.Map<String, Object>	-	-	retyped	-
market-census	ts/src/p2b.ts	fetchOrderTrades	market	safeMarket	1	typed:java.util.Map<String, Object>	-	-	retyped	-
market-census	ts/src/p2b.ts	fetchMyTrades	market	market	1	typed:java.util.Map<String, Object>	-	-	retyped	-
market-census	ts/src/p2b.ts	fetchClosedOrders	parsedOrders	parseOrders	4	typed:java.util.List<Object>	-	java.util.List<Object>	retyped	-
market-census	ts/src/okx.ts	fetchOrderBook	market	market	1	typed:java.util.Map<String, Object>	-	-	retyped	-
market-census	ts/src/pacifica.ts	fetchLeverage	market	market	1	typed:java.util.Map<String, Object>	-	-	retyped	-
market-census	ts/src/okx.ts	fetchTicker	market	market	1	typed:java.util.Map<String, Object>	-	-	retyped	-
market-census	ts/src/okx.ts	fetchMarkPrice	market	market	1	typed:java.util.Map<String, Object>	-	-	retyped	-
market-census	ts/src/okx.ts	fetchTrades	market	market	1	typed:java.util.Map<String, Object>	-	-	retyped	-
market-census	ts/src/okx.ts	fetchOHLCV	market	market	1	typed:java.util.Map<String, Object>	-	-	retyped	-
market-census	ts/src/okx.ts	fetchFundingRateHistory	market	market	1	typed:java.util.Map<String, Object>	-	-	retyped	-
market-census	ts/src/okx.ts	fetchTradingFee	market	market	1	typed:java.util.Map<String, Object>	-	-	retyped	-
market-census	ts/src/okx.ts	createMarketBuyOrderWithCost	market	market	1	typed:java.util.Map<String, Object>	-	-	retyped	-
market-census	ts/src/okx.ts	createMarketSellOrderWithCost	market	market	1	typed:java.util.Map<String, Object>	-	-	retyped	-
market-census	ts/src/okx.ts	createOrderRequest	market	market	1	typed:java.util.Map<String, Object>	-	-	retyped	-
market-census	ts/src/okx.ts	createOrder	market	market	1	typed:java.util.Map<String, Object>	-	-	retyped	-
market-census	ts/src/okx.ts	createOrder	order	parseOrder	2	none	no-table-entry	-	Object	sim-ok
market-census	ts/src/okx.ts	editOrderRequest	market	market	1	typed:java.util.Map<String, Object>	-	-	retyped	-
market-census	ts/src/okx.ts	editOrder	market	market	1	typed:java.util.Map<String, Object>	-	-	retyped	-
market-census	ts/src/okx.ts	editOrder	order	parseOrder	2	none	no-table-entry	-	Object	sim-ok
market-census	ts/src/okx.ts	cancelOrder	market	market	1	typed:java.util.Map<String, Object>	-	-	retyped	-
market-census	ts/src/okx.ts	cancelOrders	market	market	1	typed:java.util.Map<String, Object>	-	-	retyped	-
market-census	ts/src/okx.ts	cancelOrdersForSymbols	market	market	1	typed:java.util.Map<String, Object>	-	-	retyped	-
market-census	ts/src/okx.ts	fetchOrder	market	market	1	typed:java.util.Map<String, Object>	-	-	retyped	-
market-census	ts/src/okx.ts	fetchDepositAddressesByNetwork	currency	currency	1	typed:java.util.Map<String, Object>	-	-	retyped	-
market-census	ts/src/okx.ts	withdraw	currency	currency	1	typed:java.util.Map<String, Object>	-	-	retyped	-
market-census	ts/src/okx.ts	fetchLeverage	market	market	1	typed:java.util.Map<String, Object>	-	-	retyped	-
market-census	ts/src/okx.ts	fetchPosition	market	market	1	typed:java.util.Map<String, Object>	-	-	retyped	-
market-census	ts/src/okx.ts	fetchPositions	market	market	1	typed:java.util.Map<String, Object>	-	-	retyped	-
market-census	ts/src/okx.ts	transfer	currency	currency	1	typed:java.util.Map<String, Object>	-	-	retyped	-
market-census	ts/src/okx.ts	fetchFundingRate	market	market	1	typed:java.util.Map<String, Object>	-	-	retyped	-
market-census	ts/src/okx.ts	fetchFundingRates	market	market	1	typed:java.util.Map<String, Object>	-	-	retyped	-
market-census	ts/src/okx.ts	fetchFundingHistory	marketInner	safeMarket	1	typed:java.util.Map<String, Object>	-	-	retyped	-
market-census	ts/src/okx.ts	setLeverage	market	market	1	typed:java.util.Map<String, Object>	-	-	retyped	-
market-census	ts/src/okx.ts	setMarginMode	market	market	1	typed:java.util.Map<String, Object>	-	-	retyped	-
market-census	ts/src/okx.ts	fetchCrossBorrowRate	currency	currency	1	typed:java.util.Map<String, Object>	-	-	retyped	-
market-census	ts/src/okx.ts	fetchBorrowRateHistory	currency	currency	1	typed:java.util.Map<String, Object>	-	-	retyped	-
market-census	ts/src/okx.ts	modifyMarginHelper	market	market	1	typed:java.util.Map<String, Object>	-	-	retyped	-
market-census	ts/src/okx.ts	parseMarginModification	responseMarket	safeMarket	2	typed:java.util.Map<String, Object>	-	-	retyped	-
market-census	ts/src/okx.ts	fetchMarketLeverageTiers	market	market	1	typed:java.util.Map<String, Object>	-	-	retyped	-
market-census	ts/src/okx.ts	fetchBorrowInterest	currency	currency	1	typed:java.util.Map<String, Object>	-	-	retyped	-
market-census	ts/src/okx.ts	borrowCrossMargin	currency	currency	1	typed:java.util.Map<String, Object>	-	-	retyped	-
market-census	ts/src/okx.ts	repayCrossMargin	currency	currency	1	typed:java.util.Map<String, Object>	-	-	retyped	-
market-census	ts/src/okx.ts	fetchOpenInterest	market	market	1	typed:java.util.Map<String, Object>	-	-	retyped	-
market-census	ts/src/okx.ts	fetchOpenInterestHistory	currency	currency	1	typed:java.util.Map<String, Object>	-	-	retyped	-
market-census	ts/src/okx.ts	parseDepositWithdrawFees	currency	currency	1	typed:java.util.Map<String, Object>	-	-	retyped	-
market-census	ts/src/okx.ts	fetchSettlementHistory	market	market	1	typed:java.util.Map<String, Object>	-	-	retyped	-
market-census	ts/src/okx.ts	fetchGreeks	market	market	1	typed:java.util.Map<String, Object>	-	-	retyped	-
market-census	ts/src/okx.ts	closePosition	market	market	1	typed:java.util.Map<String, Object>	-	-	retyped	-
market-census	ts/src/okx.ts	closePosition	currency	currency	1	typed:java.util.Map<String, Object>	-	-	retyped	-
market-census	ts/src/okx.ts	fetchOption	market	market	1	typed:java.util.Map<String, Object>	-	-	retyped	-
market-census	ts/src/okx.ts	fetchOptionChain	currency	currency	1	typed:java.util.Map<String, Object>	-	-	retyped	-
market-census	ts/src/okx.ts	fetchConvertQuote	fromCurrency	currency	1	typed:java.util.Map<String, Object>	-	-	retyped	-
market-census	ts/src/okx.ts	fetchConvertQuote	toCurrency	currency	1	typed:java.util.Map<String, Object>	-	-	retyped	-
market-census	ts/src/okx.ts	createConvertTrade	fromCurrency	currency	1	typed:java.util.Map<String, Object>	-	-	retyped	-
market-census	ts/src/okx.ts	createConvertTrade	toCurrency	currency	1	typed:java.util.Map<String, Object>	-	-	retyped	-
market-census	ts/src/okx.ts	fetchPositionsHistory	market	market	1	typed:java.util.Map<String, Object>	-	-	retyped	-
market-census	ts/src/okx.ts	fetchLongShortRatioHistory	market	market	1	typed:java.util.Map<String, Object>	-	-	retyped	-
market-census	ts/src/pacifica.ts	parseAccountSettings	market	safeMarket	1	typed:java.util.Map<String, Object>	-	-	retyped	-
market-census	ts/src/pacifica.ts	fetchOrderBook	market	market	1	typed:java.util.Map<String, Object>	-	-	retyped	-
market-census	ts/src/pacifica.ts	fetchOHLCV	market	market	1	typed:java.util.Map<String, Object>	-	-	retyped	-
market-census	ts/src/pacifica.ts	fetchTrades	market	market	1	typed:java.util.Map<String, Object>	-	-	retyped	-
market-census	ts/src/pacifica.ts	createOrderRequest	market	market	1	typed:java.util.Map<String, Object>	-	-	retyped	-
market-census	ts/src/pacifica.ts	cancelAllOrdersRequest	market	market	1	typed:java.util.Map<String, Object>	-	-	retyped	-
market-census	ts/src/pacifica.ts	cancelOrderRequest	market	market	1	typed:java.util.Map<String, Object>	-	-	retyped	-
market-census	ts/src/pacifica.ts	editOrder	market	market	1	typed:java.util.Map<String, Object>	-	-	retyped	-
market-census	ts/src/pacifica.ts	fetchFundingRateHistory	market	market	1	typed:java.util.Map<String, Object>	-	-	retyped	-
market-census	ts/src/pacifica.ts	fetchTickers	ticker	parseTicker	1	none	no-table-entry	-	Object	sim-ok
market-census	ts/src/pacifica.ts	fetchOrders	orders	parseOrders	4	none	unsafe-use:as-cast [orders as Order[]]	java.util.List<Object>	Object	sim-unsafe:as-cast [orders as Order[]]
market-census	ts/src/pacifica.ts	setMarginMode	market	market	1	typed:java.util.Map<String, Object>	-	-	retyped	-
market-census	ts/src/pacifica.ts	setLeverage	market	market	1	typed:java.util.Map<String, Object>	-	-	retyped	-
market-census	ts/src/pacifica.ts	fetchTradingFee	market	market	1	typed:java.util.Map<String, Object>	-	-	retyped	-
market-census	ts/src/paymium.ts	parseBalance	currency	currency	1	typed:java.util.Map<String, Object>	-	-	retyped	-
market-census	ts/src/paymium.ts	fetchOrderBook	market	market	1	typed:java.util.Map<String, Object>	-	-	retyped	-
market-census	ts/src/paymium.ts	fetchTicker	market	market	1	typed:java.util.Map<String, Object>	-	-	retyped	-
market-census	ts/src/paymium.ts	fetchTrades	market	market	1	typed:java.util.Map<String, Object>	-	-	retyped	-
market-census	ts/src/paymium.ts	createOrder	market	market	1	typed:java.util.Map<String, Object>	-	-	retyped	-
market-census	ts/src/paymium.ts	transfer	currency	currency	1	typed:java.util.Map<String, Object>	-	-	retyped	-
market-census	ts/src/paradex.ts	fetchTradingFee	market	market	1	typed:java.util.Map<String, Object>	-	-	retyped	-
market-census	ts/src/paradex.ts	fetchOHLCV	market	market	1	typed:java.util.Map<String, Object>	-	-	retyped	-
market-census	ts/src/paradex.ts	fetchTicker	market	market	1	typed:java.util.Map<String, Object>	-	-	retyped	-
market-census	ts/src/paradex.ts	fetchFundingRate	market	market	1	typed:java.util.Map<String, Object>	-	-	retyped	-
market-census	ts/src/paradex.ts	fetchOrderBook	market	market	1	typed:java.util.Map<String, Object>	-	-	retyped	-
market-census	ts/src/paradex.ts	fetchTrades	market	market	1	typed:java.util.Map<String, Object>	-	-	retyped	-
market-census	ts/src/paradex.ts	fetchOpenInterest	market	market	1	typed:java.util.Map<String, Object>	-	-	retyped	-
market-census	ts/src/paradex.ts	createOrderRequest	market	market	1	typed:java.util.Map<String, Object>	-	-	retyped	-
market-census	ts/src/paradex.ts	createOrder	market	market	1	typed:java.util.Map<String, Object>	-	-	retyped	-
market-census	ts/src/paradex.ts	createOrder	order	parseOrder	2	none	no-table-entry	-	Object	sim-ok
market-census	ts/src/paradex.ts	editOrder	market	market	1	typed:java.util.Map<String, Object>	-	-	retyped	-
market-census	ts/src/paradex.ts	createOrders	parsedOrders	parseOrders	1	none	unsafe-use:as-cast [parsedOrders as Order[]]	java.util.List<Object>	Object	sim-unsafe:receiver-call:push [parsedOrders.push (this.safeOrder ({ 'info': error, 'status': 'rejecte]
market-census	ts/src/paradex.ts	cancelOrders	market	safeMarket	1	typed:java.util.Map<String, Object>	-	-	retyped	-
market-census	ts/src/paradex.ts	cancelAllOrders	market	market	1	typed:java.util.Map<String, Object>	-	-	retyped	-
market-census	ts/src/paradex.ts	fetchPosition	market	market	1	typed:java.util.Map<String, Object>	-	-	retyped	-
market-census	ts/src/paradex.ts	fetchMarginMode	market	market	1	typed:java.util.Map<String, Object>	-	-	retyped	-
market-census	ts/src/paradex.ts	setMarginMode	market	market	1	typed:java.util.Map<String, Object>	-	-	retyped	-
market-census	ts/src/paradex.ts	fetchLeverage	market	market	1	typed:java.util.Map<String, Object>	-	-	retyped	-
market-census	ts/src/paradex.ts	setLeverage	market	market	1	typed:java.util.Map<String, Object>	-	-	retyped	-
market-census	ts/src/paradex.ts	fetchGreeks	market	market	1	typed:java.util.Map<String, Object>	-	-	retyped	-
market-census	ts/src/paradex.ts	fetchFundingHistory	market	market	1	typed:java.util.Map<String, Object>	-	-	retyped	-
market-census	ts/src/paradex.ts	fetchFundingRateHistory	market	market	1	typed:java.util.Map<String, Object>	-	-	retyped	-
market-census	ts/src/phemex.ts	fetchOrderBook	market	market	1	typed:java.util.Map<String, Object>	-	-	retyped	-
market-census	ts/src/poloniex.ts	fetchOHLCV	market	market	1	typed:java.util.Map<String, Object>	-	-	retyped	-
market-census	ts/src/phemex.ts	fetchOHLCV	market	market	1	typed:java.util.Map<String, Object>	-	-	retyped	-
market-census	ts/src/phemex.ts	fetchTicker	market	market	1	typed:java.util.Map<String, Object>	-	-	retyped	-
market-census	ts/src/phemex.ts	fetchTrades	market	market	1	typed:java.util.Map<String, Object>	-	-	retyped	-
market-census	ts/src/phemex.ts	parseSwapBalance	currency	currency	1	typed:java.util.Map<String, Object>	-	-	retyped	-
market-census	ts/src/phemex.ts	fetchBalance	currency	currency	1	typed:java.util.Map<String, Object>	-	-	retyped	-
market-census	ts/src/phemex.ts	createOrder	market	market	1	typed:java.util.Map<String, Object>	-	-	retyped	-
market-census	ts/src/phemex.ts	editOrder	market	market	1	typed:java.util.Map<String, Object>	-	-	retyped	-
market-census	ts/src/phemex.ts	cancelOrder	market	market	1	typed:java.util.Map<String, Object>	-	-	retyped	-
market-census	ts/src/phemex.ts	cancelAllOrders	market	market	1	typed:java.util.Map<String, Object>	-	-	retyped	-
market-census	ts/src/phemex.ts	fetchOrder	market	market	1	typed:java.util.Map<String, Object>	-	-	retyped	-
market-census	ts/src/phemex.ts	fetchOrders	market	market	1	typed:java.util.Map<String, Object>	-	-	retyped	-
market-census	ts/src/phemex.ts	fetchOpenOrders	market	market	1	typed:java.util.Map<String, Object>	-	-	retyped	-
market-census	ts/src/phemex.ts	fetchDepositAddress	currency	currency	1	typed:java.util.Map<String, Object>	-	-	retyped	-
market-census	ts/src/phemex.ts	fetchPositions	currency	currency	1	typed:java.util.Map<String, Object>	-	-	retyped	-
market-census	ts/src/phemex.ts	fetchPositionHistory	market	market	1	typed:java.util.Map<String, Object>	-	-	retyped	-
market-census	ts/src/phemex.ts	fetchFundingHistory	market	market	1	typed:java.util.Map<String, Object>	-	-	retyped	-
market-census	ts/src/phemex.ts	parseFundingFeeToPrecision	currency	safeCurrency	1	typed:java.util.Map<String, Object>	-	-	retyped	-
market-census	ts/src/phemex.ts	fetchFundingRate	market	market	1	typed:java.util.Map<String, Object>	-	-	retyped	-
market-census	ts/src/phemex.ts	setMargin	market	market	1	typed:java.util.Map<String, Object>	-	-	retyped	-
market-census	ts/src/phemex.ts	setMarginMode	market	market	1	typed:java.util.Map<String, Object>	-	-	retyped	-
market-census	ts/src/phemex.ts	setPositionMode	market	market	1	typed:java.util.Map<String, Object>	-	-	retyped	-
market-census	ts/src/phemex.ts	fetchLeverageTiers	market	market	1	typed:java.util.Map<String, Object>	-	-	retyped	-
market-census	ts/src/phemex.ts	setLeverage	market	market	1	typed:java.util.Map<String, Object>	-	-	retyped	-
market-census	ts/src/phemex.ts	transfer	currency	currency	1	typed:java.util.Map<String, Object>	-	-	retyped	-
market-census	ts/src/phemex.ts	fetchTransfers	currency	currency	1	typed:java.util.Map<String, Object>	-	-	retyped	-
market-census	ts/src/phemex.ts	fetchFundingRateHistory	market	market	1	typed:java.util.Map<String, Object>	-	-	retyped	-
market-census	ts/src/phemex.ts	withdraw	currency	currency	1	typed:java.util.Map<String, Object>	-	-	retyped	-
market-census	ts/src/phemex.ts	fetchOpenInterest	market	market	1	typed:java.util.Map<String, Object>	-	-	retyped	-
market-census	ts/src/phemex.ts	fetchConvertQuote	fromCurrency	currency	1	typed:java.util.Map<String, Object>	-	-	retyped	-
market-census	ts/src/phemex.ts	fetchConvertQuote	toCurrency	currency	1	typed:java.util.Map<String, Object>	-	-	retyped	-
market-census	ts/src/phemex.ts	createConvertTrade	fromCurrency	currency	1	typed:java.util.Map<String, Object>	-	-	retyped	-
market-census	ts/src/phemex.ts	createConvertTrade	toCurrency	currency	1	typed:java.util.Map<String, Object>	-	-	retyped	-
market-census	ts/src/phemex.ts	createConvertTrade	fromResult	safeCurrency	2	typed:java.util.Map<String, Object>	-	-	retyped	-
market-census	ts/src/phemex.ts	createConvertTrade	to	safeCurrency	2	typed:java.util.Map<String, Object>	-	-	retyped	-
market-census	ts/src/phemex.ts	fetchPositionsADLRank	currency	currency	1	typed:java.util.Map<String, Object>	-	-	retyped	-
market-census	ts/src/revolutx.ts	fetchCurrencies	parsed	parseCurrency	1	none	no-table-entry	-	Object	sim-ok
market-census	ts/src/revolutx.ts	fetchTickers	market	market	1	typed:java.util.Map<String, Object>	-	-	retyped	-
market-census	ts/src/revolutx.ts	fetchTickers	ticker	parseTicker	1	none	no-table-entry	-	Object	sim-ok
market-census	ts/src/revolutx.ts	fetchOrderBook	market	market	1	typed:java.util.Map<String, Object>	-	-	retyped	-
market-census	ts/src/revolutx.ts	fetchOHLCV	market	market	1	typed:java.util.Map<String, Object>	-	-	retyped	-
market-census	ts/src/revolutx.ts	createOrder	market	market	1	typed:java.util.Map<String, Object>	-	-	retyped	-
market-census	ts/src/revolutx.ts	createOrder	order	parseOrder	2	none	no-table-entry	-	Object	sim-ok
market-census	ts/src/revolutx.ts	fetchOpenOrders	market	market	1	typed:java.util.Map<String, Object>	-	-	retyped	-
market-census	ts/src/revolutx.ts	fetchOrders	market	market	1	typed:java.util.Map<String, Object>	-	-	retyped	-
market-census	ts/src/revolutx.ts	fetchMyTrades	market	market	1	typed:java.util.Map<String, Object>	-	-	retyped	-
market-census	ts/src/revolutx.ts	editOrder	market	market	1	typed:java.util.Map<String, Object>	-	-	retyped	-
market-census	ts/src/revolutx.ts	editOrder	order	parseOrder	2	none	no-table-entry	-	Object	sim-ok
market-census	ts/src/poloniex.ts	fetchTicker	market	market	1	typed:java.util.Map<String, Object>	-	-	retyped	-
market-census	ts/src/poloniex.ts	fetchTrades	market	market	1	typed:java.util.Map<String, Object>	-	-	retyped	-
market-census	ts/src/poloniex.ts	fetchMyTrades	result	parseTrades	4	typed:java.util.List<Object>	-	java.util.List<Object>	retyped	-
market-census	ts/src/poloniex.ts	createOrder	market	market	1	typed:java.util.Map<String, Object>	-	-	retyped	-
market-census	ts/src/poloniex.ts	orderRequest	market	market	1	typed:java.util.Map<String, Object>	-	-	retyped	-
market-census	ts/src/poloniex.ts	editOrder	market	market	1	typed:java.util.Map<String, Object>	-	-	retyped	-
market-census	ts/src/poloniex.ts	cancelOrder	market	market	1	typed:java.util.Map<String, Object>	-	-	retyped	-
market-census	ts/src/poloniex.ts	fetchOrder	order	parseOrder	1	none	no-table-entry	-	Object	sim-ok
market-census	ts/src/poloniex.ts	fetchOrderBook	market	market	1	typed:java.util.Map<String, Object>	-	-	retyped	-
market-census	ts/src/poloniex.ts	prepareRequestForDepositAddress	currency	currency	1	typed:java.util.Map<String, Object>	-	-	retyped	-
market-census	ts/src/poloniex.ts	transfer	currency	currency	1	typed:java.util.Map<String, Object>	-	-	retyped	-
market-census	ts/src/poloniex.ts	withdraw	currency	currency	1	typed:java.util.Map<String, Object>	-	-	retyped	-
market-census	ts/src/poloniex.ts	parseDepositWithdrawFees	currency	currency	1	typed:java.util.Map<String, Object>	-	-	retyped	-
market-census	ts/src/poloniex.ts	setLeverage	market	market	1	typed:java.util.Map<String, Object>	-	-	retyped	-
market-census	ts/src/poloniex.ts	fetchLeverage	market	market	1	typed:java.util.Map<String, Object>	-	-	retyped	-
market-census	ts/src/poloniex.ts	modifyMarginHelper	market	market	1	typed:java.util.Map<String, Object>	-	-	retyped	-
market-census	ts/src/tokocrypto.ts	fetchOrderBook	market	market	1	typed:java.util.Map<String, Object>	-	-	retyped	-
market-census	ts/src/toobit.ts	fetchCurrencies	parsed	parseCurrency	1	none	no-table-entry	-	Object	sim-ok
market-census	ts/src/tokocrypto.ts	fetchTrades	market	market	1	typed:java.util.Map<String, Object>	-	-	retyped	-
market-census	ts/src/tokocrypto.ts	fetchTicker	market	market	1	typed:java.util.Map<String, Object>	-	-	retyped	-
market-census	ts/src/tokocrypto.ts	fetchOHLCV	market	market	1	typed:java.util.Map<String, Object>	-	-	retyped	-
market-census	ts/src/tokocrypto.ts	createOrder	market	market	1	typed:java.util.Map<String, Object>	-	-	retyped	-
market-census	ts/src/tokocrypto.ts	fetchOrders	market	market	1	typed:java.util.Map<String, Object>	-	-	retyped	-
market-census	ts/src/tokocrypto.ts	fetchMyTrades	market	market	1	typed:java.util.Map<String, Object>	-	-	retyped	-
market-census	ts/src/tokocrypto.ts	fetchDepositAddress	currency	currency	1	typed:java.util.Map<String, Object>	-	-	retyped	-
market-census	ts/src/tokocrypto.ts	withdraw	currency	currency	1	typed:java.util.Map<String, Object>	-	-	retyped	-
market-census	ts/src/upbit.ts	fetchCurrency	currency	currency	1	typed:java.util.Map<String, Object>	-	-	retyped	-
market-census	ts/src/toobit.ts	fetchMarkets	parsed	parseMarket	1	none	no-table-entry	-	Object	sim-ok
market-census	ts/src/toobit.ts	fetchOrderBook	market	market	1	typed:java.util.Map<String, Object>	-	-	retyped	-
market-census	ts/src/toobit.ts	fetchTrades	market	market	1	typed:java.util.Map<String, Object>	-	-	retyped	-
market-census	ts/src/toobit.ts	fetchOHLCV	market	market	1	typed:java.util.Map<String, Object>	-	-	retyped	-
market-census	ts/src/toobit.ts	fetchLastPrices	market	market	1	typed:java.util.Map<String, Object>	-	-	retyped	-
market-census	ts/src/toobit.ts	fetchBidsAsks	market	market	1	typed:java.util.Map<String, Object>	-	-	retyped	-
market-census	ts/src/toobit.ts	parseBidAskCustom	market	safeMarket	1	typed:java.util.Map<String, Object>	-	-	retyped	-
market-census	ts/src/toobit.ts	fetchFundingRates	market	market	1	typed:java.util.Map<String, Object>	-	-	retyped	-
market-census	ts/src/toobit.ts	fetchFundingRateHistory	market	market	1	typed:java.util.Map<String, Object>	-	-	retyped	-
market-census	ts/src/toobit.ts	createOrder	market	market	1	typed:java.util.Map<String, Object>	-	-	retyped	-
market-census	ts/src/toobit.ts	createOrderRequest	market	market	1	typed:java.util.Map<String, Object>	-	-	retyped	-
market-census	ts/src/toobit.ts	createContractOrderRequest	market	market	1	typed:java.util.Map<String, Object>	-	-	retyped	-
market-census	ts/src/toobit.ts	fetchOrder	market	market	1	typed:java.util.Map<String, Object>	-	-	retyped	-
market-census	ts/src/toobit.ts	fetchMyTrades	market	market	1	typed:java.util.Map<String, Object>	-	-	retyped	-
market-census	ts/src/toobit.ts	transfer	currency	currency	1	typed:java.util.Map<String, Object>	-	-	retyped	-
market-census	ts/src/toobit.ts	fetchDepositAddress	currency	currency	1	typed:java.util.Map<String, Object>	-	-	retyped	-
market-census	ts/src/toobit.ts	withdraw	currency	currency	1	typed:java.util.Map<String, Object>	-	-	retyped	-
market-census	ts/src/toobit.ts	setMarginMode	market	market	1	typed:java.util.Map<String, Object>	-	-	retyped	-
market-census	ts/src/toobit.ts	setLeverage	market	market	1	typed:java.util.Map<String, Object>	-	-	retyped	-
market-census	ts/src/toobit.ts	fetchLeverage	market	market	1	typed:java.util.Map<String, Object>	-	-	retyped	-
market-census	ts/src/upbit.ts	fetchMarket	market	market	1	typed:java.util.Map<String, Object>	-	-	retyped	-
market-census	ts/src/upbit.ts	fetchTickers	market	market	1	typed:java.util.Map<String, Object>	-	-	retyped	-
market-census	ts/src/upbit.ts	fetchTrades	market	market	1	typed:java.util.Map<String, Object>	-	-	retyped	-
market-census	ts/src/upbit.ts	fetchTradingFee	market	market	1	typed:java.util.Map<String, Object>	-	-	retyped	-
market-census	ts/src/upbit.ts	fetchOHLCV	market	market	1	typed:java.util.Map<String, Object>	-	-	retyped	-
market-census	ts/src/upbit.ts	createOrder	market	market	1	typed:java.util.Map<String, Object>	-	-	retyped	-
market-census	ts/src/upbit.ts	fetchDepositAddress	currency	currency	1	typed:java.util.Map<String, Object>	-	-	retyped	-
market-census	ts/src/upbit.ts	createDepositAddress	currency	currency	1	typed:java.util.Map<String, Object>	-	-	retyped	-
market-census	ts/src/upbit.ts	withdraw	currency	currency	1	typed:java.util.Map<String, Object>	-	-	retyped	-
market-census	ts/src/weex.ts	fetchBidsAsks	tickerMarket	safeMarket	4	typed:java.util.Map<String, Object>	-	-	retyped	-
market-census	ts/src/whitebit.ts	parseDepositWithdrawFees	currency	currency	1	typed:java.util.Map<String, Object>	-	-	retyped	-
market-census	ts/src/weex.ts	fetchMarkPrice	market	market	1	typed:java.util.Map<String, Object>	-	-	retyped	-
market-census	ts/src/weex.ts	fetchOrderBook	market	market	1	typed:java.util.Map<String, Object>	-	-	retyped	-
market-census	ts/src/weex.ts	fetchOHLCV	market	market	1	typed:java.util.Map<String, Object>	-	-	retyped	-
market-census	ts/src/weex.ts	fetchSpotOHLCV	market	market	1	typed:java.util.Map<String, Object>	-	-	retyped	-
market-census	ts/src/weex.ts	fetchContractOHLCV	market	market	1	typed:java.util.Map<String, Object>	-	-	retyped	-
market-census	ts/src/weex.ts	fetchTrades	market	market	1	typed:java.util.Map<String, Object>	-	-	retyped	-
market-census	ts/src/weex.ts	fetchOpenInterest	market	market	1	typed:java.util.Map<String, Object>	-	-	retyped	-
market-census	ts/src/weex.ts	fetchFundingRateHistory	market	market	1	typed:java.util.Map<String, Object>	-	-	retyped	-
market-census	ts/src/weex.ts	createOrder	market	market	1	typed:java.util.Map<String, Object>	-	-	retyped	-
market-census	ts/src/weex.ts	createSpotOrder	market	market	1	typed:java.util.Map<String, Object>	-	-	retyped	-
market-census	ts/src/weex.ts	createSpotOrderRequest	market	market	1	typed:java.util.Map<String, Object>	-	-	retyped	-
market-census	ts/src/weex.ts	createContractOrder	market	market	1	typed:java.util.Map<String, Object>	-	-	retyped	-
market-census	ts/src/weex.ts	createContractOrderRequest	market	market	1	typed:java.util.Map<String, Object>	-	-	retyped	-
market-census	ts/src/weex.ts	cancelOrder	order	parseOrder	2	none	no-table-entry	-	Object	sim-ok
market-census	ts/src/weex.ts	fetchOrders	market	market	1	typed:java.util.Map<String, Object>	-	-	retyped	-
market-census	ts/src/weex.ts	fetchPositionsForSymbol	market	market	1	typed:java.util.Map<String, Object>	-	-	retyped	-
market-census	ts/src/weex.ts	closePosition	market	market	1	typed:java.util.Map<String, Object>	-	-	retyped	-
market-census	ts/src/weex.ts	closePosition	orders	parseOrders	2	typed:java.util.List<Object>	-	java.util.List<Object>	retyped	-
market-census	ts/src/weex.ts	fetchTradingFee	market	market	1	typed:java.util.Map<String, Object>	-	-	retyped	-
market-census	ts/src/weex.ts	fetchMarginMode	market	market	1	typed:java.util.Map<String, Object>	-	-	retyped	-
market-census	ts/src/weex.ts	setMarginMode	market	market	1	typed:java.util.Map<String, Object>	-	-	retyped	-
market-census	ts/src/weex.ts	fetchLeverage	market	market	1	typed:java.util.Map<String, Object>	-	-	retyped	-
market-census	ts/src/weex.ts	setLeverage	market	market	1	typed:java.util.Map<String, Object>	-	-	retyped	-
market-census	ts/src/weex.ts	fetchPositionMode	market	market	1	typed:java.util.Map<String, Object>	-	-	retyped	-
market-census	ts/src/weex.ts	setPositionMode	market	market	1	typed:java.util.Map<String, Object>	-	-	retyped	-
market-census	ts/src/weex.ts	modifyMarginHelper	market	market	1	typed:java.util.Map<String, Object>	-	-	retyped	-
market-census	ts/src/woo.ts	fetchTrades	market	market	1	typed:java.util.Map<String, Object>	-	-	retyped	-
market-census	ts/src/whitebit.ts	fetchTradingFees	market	market	1	typed:java.util.Map<String, Object>	-	-	retyped	-
market-census	ts/src/whitebit.ts	fetchTicker	market	market	1	typed:java.util.Map<String, Object>	-	-	retyped	-
market-census	ts/src/whitebit.ts	fetchOrder	marketNew	safeMarket	3	typed:java.util.Map<String, Object>	-	-	retyped	-
market-census	ts/src/whitebit.ts	fetchOrder	marketNew	safeMarket	3	typed:java.util.Map<String, Object>	-	-	retyped	-
market-census	ts/src/whitebit.ts	fetchTickers	market	market	1	typed:java.util.Map<String, Object>	-	-	retyped	-
market-census	ts/src/whitebit.ts	fetchTickers	market	safeMarket	1	typed:java.util.Map<String, Object>	-	-	retyped	-
market-census	ts/src/whitebit.ts	fetchTickers	ticker	parseTicker	2	none	no-table-entry	-	Object	sim-ok
market-census	ts/src/whitebit.ts	fetchOrderBook	market	market	1	typed:java.util.Map<String, Object>	-	-	retyped	-
market-census	ts/src/whitebit.ts	fetchTrades	market	market	1	typed:java.util.Map<String, Object>	-	-	retyped	-
market-census	ts/src/whitebit.ts	fetchMyTrades	marketNew	safeMarket	3	typed:java.util.Map<String, Object>	-	-	retyped	-
market-census	ts/src/whitebit.ts	fetchMyTrades	parsed	parseTrades	4	typed:java.util.List<Object>	-	java.util.List<Object>	retyped	-
market-census	ts/src/whitebit.ts	fetchOHLCV	market	market	1	typed:java.util.Map<String, Object>	-	-	retyped	-
market-census	ts/src/whitebit.ts	createOrder	market	market	1	typed:java.util.Map<String, Object>	-	-	retyped	-
market-census	ts/src/whitebit.ts	editOrder	market	market	1	typed:java.util.Map<String, Object>	-	-	retyped	-
market-census	ts/src/whitebit.ts	cancelOrder	market	market	1	typed:java.util.Map<String, Object>	-	-	retyped	-
market-census	ts/src/whitebit.ts	cancelAllOrdersAfter	market	market	1	typed:java.util.Map<String, Object>	-	-	retyped	-
market-census	ts/src/whitebit.ts	fetchClosedOrders	marketNew	safeMarket	3	typed:java.util.Map<String, Object>	-	-	retyped	-
market-census	ts/src/whitebit.ts	fetchClosedOrders	order	parseOrder	2	none	no-table-entry	-	Object	sim-ok
market-census	ts/src/whitebit.ts	fetchDepositAddress	currency	currency	1	typed:java.util.Map<String, Object>	-	-	retyped	-
market-census	ts/src/whitebit.ts	createDepositAddress	currency	currency	1	typed:java.util.Map<String, Object>	-	-	retyped	-
market-census	ts/src/whitebit.ts	transfer	currency	currency	1	typed:java.util.Map<String, Object>	-	-	retyped	-
market-census	ts/src/whitebit.ts	withdraw	currency	currency	1	typed:java.util.Map<String, Object>	-	-	retyped	-
market-census	ts/src/whitebit.ts	fetchFundingHistory	market	market	1	typed:java.util.Map<String, Object>	-	-	retyped	-
market-census	ts/src/whitebit.ts	fetchConvertQuote	fromCurrency	currency	1	typed:java.util.Map<String, Object>	-	-	retyped	-
market-census	ts/src/whitebit.ts	fetchConvertQuote	toCurrency	currency	1	typed:java.util.Map<String, Object>	-	-	retyped	-
market-census	ts/src/whitebit.ts	createConvertTrade	fromCurrency	currency	1	typed:java.util.Map<String, Object>	-	-	retyped	-
market-census	ts/src/whitebit.ts	createConvertTrade	toCurrency	currency	1	typed:java.util.Map<String, Object>	-	-	retyped	-
market-census	ts/src/whitebit.ts	fetchPositionHistory	market	market	1	typed:java.util.Map<String, Object>	-	-	retyped	-
market-census	ts/src/whitebit.ts	fetchPosition	market	market	1	typed:java.util.Map<String, Object>	-	-	retyped	-
market-census	ts/src/whitebit.ts	fetchFundingRateHistory	market	market	1	typed:java.util.Map<String, Object>	-	-	retyped	-
market-census	ts/src/woo.ts	fetchTradingFee	market	market	1	typed:java.util.Map<String, Object>	-	-	retyped	-
market-census	ts/src/woo.ts	fetchCurrencies	parsed	parseCurrency	1	none	no-table-entry	-	Object	sim-ok
market-census	ts/src/woo.ts	createMarketBuyOrderWithCost	market	market	1	typed:java.util.Map<String, Object>	-	-	retyped	-
market-census	ts/src/woo.ts	createMarketSellOrderWithCost	market	market	1	typed:java.util.Map<String, Object>	-	-	retyped	-
market-census	ts/src/woo.ts	createOrder	market	market	1	typed:java.util.Map<String, Object>	-	-	retyped	-
market-census	ts/src/woo.ts	editOrder	market	market	1	typed:java.util.Map<String, Object>	-	-	retyped	-
market-census	ts/src/woo.ts	cancelAllOrders	market	market	1	typed:java.util.Map<String, Object>	-	-	retyped	-
market-census	ts/src/woo.ts	fetchOrderBook	market	market	1	typed:java.util.Map<String, Object>	-	-	retyped	-
market-census	ts/src/woo.ts	fetchOHLCV	market	market	1	typed:java.util.Map<String, Object>	-	-	retyped	-
market-census	ts/src/woo.ts	fetchDepositAddress	currency	currency	1	typed:java.util.Map<String, Object>	-	-	retyped	-
market-census	ts/src/woo.ts	transfer	currency	currency	1	typed:java.util.Map<String, Object>	-	-	retyped	-
market-census	ts/src/woo.ts	withdraw	currency	currency	1	typed:java.util.Map<String, Object>	-	-	retyped	-
market-census	ts/src/woo.ts	repayMargin	currency	currency	1	typed:java.util.Map<String, Object>	-	-	retyped	-
market-census	ts/src/woo.ts	fetchFundingRate	market	market	1	typed:java.util.Map<String, Object>	-	-	retyped	-
market-census	ts/src/woo.ts	fetchFundingRateHistory	market	market	1	typed:java.util.Map<String, Object>	-	-	retyped	-
market-census	ts/src/woo.ts	fetchLeverage	market	market	1	typed:java.util.Map<String, Object>	-	-	retyped	-
market-census	ts/src/woo.ts	modifyMarginHelper	market	market	1	typed:java.util.Map<String, Object>	-	-	retyped	-
market-census	ts/src/woo.ts	fetchPosition	market	market	1	typed:java.util.Map<String, Object>	-	-	retyped	-
market-census	ts/src/woo.ts	fetchPositions	market	market	1	typed:java.util.Map<String, Object>	-	-	retyped	-
market-census	ts/src/woo.ts	fetchConvertQuote	fromCurrency	currency	1	typed:java.util.Map<String, Object>	-	-	retyped	-
market-census	ts/src/woo.ts	fetchConvertQuote	toCurrency	currency	1	typed:java.util.Map<String, Object>	-	-	retyped	-
market-census	ts/src/woo.ts	fetchPositionsADLRank	market	market	1	typed:java.util.Map<String, Object>	-	-	retyped	-
market-census	ts/src/woo.ts	defaultNetworkCodeForCurrency	currencyItem	currency	1	typed:java.util.Map<String, Object>	-	-	retyped	-
market-census	ts/src/woofipro.ts	fetchCurrencies	parsed	parseCurrency	1	none	no-table-entry	-	Object	sim-ok
market-census	ts/src/xt.ts	fetchOHLCV	market	market	1	typed:java.util.Map<String, Object>	-	-	retyped	-
market-census	ts/src/woofipro.ts	fetchTrades	market	market	1	typed:java.util.Map<String, Object>	-	-	retyped	-
market-census	ts/src/woofipro.ts	fetchFundingRate	market	market	1	typed:java.util.Map<String, Object>	-	-	retyped	-
market-census	ts/src/woofipro.ts	fetchTicker	market	market	1	typed:java.util.Map<String, Object>	-	-	retyped	-
market-census	ts/src/woofipro.ts	fetchOpenInterest	market	market	1	typed:java.util.Map<String, Object>	-	-	retyped	-
market-census	ts/src/woofipro.ts	fetchFundingRateHistory	market	market	1	typed:java.util.Map<String, Object>	-	-	retyped	-
market-census	ts/src/woofipro.ts	fetchOrderBook	market	market	1	typed:java.util.Map<String, Object>	-	-	retyped	-
market-census	ts/src/woofipro.ts	fetchOHLCV	market	market	1	typed:java.util.Map<String, Object>	-	-	retyped	-
market-census	ts/src/woofipro.ts	createOrderRequest	market	market	1	typed:java.util.Map<String, Object>	-	-	retyped	-
market-census	ts/src/woofipro.ts	createOrder	market	market	1	typed:java.util.Map<String, Object>	-	-	retyped	-
market-census	ts/src/woofipro.ts	createOrder	order	parseOrder	2	none	no-table-entry	-	Object	sim-ok
market-census	ts/src/woofipro.ts	editOrder	market	market	1	typed:java.util.Map<String, Object>	-	-	retyped	-
market-census	ts/src/woofipro.ts	cancelAllOrders	market	market	1	typed:java.util.Map<String, Object>	-	-	retyped	-
market-census	ts/src/woofipro.ts	withdraw	currency	currency	1	typed:java.util.Map<String, Object>	-	-	retyped	-
market-census	ts/src/woofipro.ts	fetchMarginMode	market	market	1	typed:java.util.Map<String, Object>	-	-	retyped	-
market-census	ts/src/woofipro.ts	setMarginMode	market	market	1	typed:java.util.Map<String, Object>	-	-	retyped	-
market-census	ts/src/woofipro.ts	modifyMarginHelper	market	market	1	typed:java.util.Map<String, Object>	-	-	retyped	-
market-census	ts/src/woofipro.ts	fetchLeverage	market	market	1	typed:java.util.Map<String, Object>	-	-	retyped	-
market-census	ts/src/woofipro.ts	fetchPosition	market	market	1	typed:java.util.Map<String, Object>	-	-	retyped	-
market-census	ts/src/xt.ts	fetchOrderBook	market	market	1	typed:java.util.Map<String, Object>	-	-	retyped	-
market-census	ts/src/xt.ts	fetchTicker	market	market	1	typed:java.util.Map<String, Object>	-	-	retyped	-
market-census	ts/src/xt.ts	fetchTickers	ticker	parseTicker	2	none	no-table-entry	-	Object	sim-ok
market-census	ts/src/xt.ts	fetchBidsAsks	marketInner	safeMarket	4	typed:java.util.Map<String, Object>	-	-	retyped	-
market-census	ts/src/xt.ts	fetchBidsAsks	ticker	parseTicker	2	none	no-table-entry	-	Object	sim-ok
market-census	ts/src/xt.ts	fetchTrades	market	market	1	typed:java.util.Map<String, Object>	-	-	retyped	-
market-census	ts/src/xt.ts	createMarketBuyOrderWithCost	market	market	1	typed:java.util.Map<String, Object>	-	-	retyped	-
market-census	ts/src/xt.ts	createOrder	market	market	1	typed:java.util.Map<String, Object>	-	-	retyped	-
market-census	ts/src/xt.ts	createSpotOrder	market	market	1	typed:java.util.Map<String, Object>	-	-	retyped	-
market-census	ts/src/xt.ts	createContractOrder	market	market	1	typed:java.util.Map<String, Object>	-	-	retyped	-
market-census	ts/src/xt.ts	fetchOrdersByStatus	parsedOrders	parseOrders	2	typed:java.util.List<Object>	-	java.util.List<Object>	retyped	-
market-census	ts/src/xt.ts	fetchDepositAddress	currency	currency	1	typed:java.util.Map<String, Object>	-	-	retyped	-
market-census	ts/src/xt.ts	withdraw	currency	currency	1	typed:java.util.Map<String, Object>	-	-	retyped	-
market-census	ts/src/xt.ts	setLeverage	market	market	1	typed:java.util.Map<String, Object>	-	-	retyped	-
market-census	ts/src/xt.ts	modifyMarginHelper	market	market	1	typed:java.util.Map<String, Object>	-	-	retyped	-
market-census	ts/src/xt.ts	parseLeverageTiers	market	safeMarket	4	typed:java.util.Map<String, Object>	-	-	retyped	-
market-census	ts/src/xt.ts	fetchMarketLeverageTiers	market	market	1	typed:java.util.Map<String, Object>	-	-	retyped	-
market-census	ts/src/xt.ts	fetchFundingRateHistory	market	market	1	typed:java.util.Map<String, Object>	-	-	retyped	-
market-census	ts/src/xt.ts	fetchFundingRate	market	market	1	typed:java.util.Map<String, Object>	-	-	retyped	-
market-census	ts/src/xt.ts	fetchOpenInterest	market	market	1	typed:java.util.Map<String, Object>	-	-	retyped	-
market-census	ts/src/xt.ts	fetchTradingFee	market	market	1	typed:java.util.Map<String, Object>	-	-	retyped	-
market-census	ts/src/xt.ts	fetchTradingFees	market	market	1	typed:java.util.Map<String, Object>	-	-	retyped	-
market-census	ts/src/xt.ts	fetchFundingHistory	market	market	1	typed:java.util.Map<String, Object>	-	-	retyped	-
market-census	ts/src/xt.ts	fetchPosition	market	market	1	typed:java.util.Map<String, Object>	-	-	retyped	-
market-census	ts/src/xt.ts	fetchPosition	marketInner	safeMarket	4	typed:java.util.Map<String, Object>	-	-	retyped	-
market-census	ts/src/xt.ts	fetchPositions	marketInner	safeMarket	4	typed:java.util.Map<String, Object>	-	-	retyped	-
market-census	ts/src/xt.ts	transfer	currency	currency	1	typed:java.util.Map<String, Object>	-	-	retyped	-
market-census	ts/src/xt.ts	setMarginMode	market	market	1	typed:java.util.Map<String, Object>	-	-	retyped	-
market-census	ts/src/xt.ts	editOrder	market	market	1	typed:java.util.Map<String, Object>	-	-	retyped	-
market-census	ts/src/zaif.ts	fetchOrderBook	market	market	1	typed:java.util.Map<String, Object>	-	-	retyped	-
market-census	ts/src/zaif.ts	fetchTicker	market	market	1	typed:java.util.Map<String, Object>	-	-	retyped	-
market-census	ts/src/zaif.ts	fetchTrades	market	market	1	typed:java.util.Map<String, Object>	-	-	retyped	-
market-census	ts/src/zaif.ts	createOrder	market	market	1	typed:java.util.Map<String, Object>	-	-	retyped	-
market-census	ts/src/zaif.ts	withdraw	currency	currency	1	typed:java.util.Map<String, Object>	-	-	retyped	-
market-census	ts/src/zebpay.ts	fetchTradingFee	market	market	1	typed:java.util.Map<String, Object>	-	-	retyped	-
market-census	ts/src/zebpay.ts	fetchOrderBook	market	market	1	typed:java.util.Map<String, Object>	-	-	retyped	-
market-census	ts/src/zebpay.ts	fetchTicker	market	market	1	typed:java.util.Map<String, Object>	-	-	retyped	-
market-census	ts/src/zebpay.ts	fetchOHLCV	market	market	1	typed:java.util.Map<String, Object>	-	-	retyped	-
market-census	ts/src/zebpay.ts	fetchTrades	market	market	1	typed:java.util.Map<String, Object>	-	-	retyped	-
market-census	ts/src/zebpay.ts	createOrder	market	market	1	typed:java.util.Map<String, Object>	-	-	retyped	-
market-census	ts/src/zebpay.ts	cancelOrder	market	market	1	typed:java.util.Map<String, Object>	-	-	retyped	-
market-census	ts/src/zebpay.ts	cancelAllOrders	parsedOrder	parseOrder	1	none	no-table-entry	-	Object	sim-ok
market-census	ts/src/zebpay.ts	fetchOpenOrders	market	market	1	typed:java.util.Map<String, Object>	-	-	retyped	-
market-census	ts/src/zebpay.ts	fetchOrder	market	market	1	typed:java.util.Map<String, Object>	-	-	retyped	-
market-census	ts/src/zebpay.ts	parseOrder	parsedOrder	safeOrder	2	none	no-table-entry	-	Object	sim-ok
market-census	ts/src/zebpay.ts	closePosition	market	market	1	typed:java.util.Map<String, Object>	-	-	retyped	-
market-census	ts/src/zebpay.ts	fetchLeverage	market	market	1	typed:java.util.Map<String, Object>	-	-	retyped	-
market-census	ts/src/zebpay.ts	setLeverage	market	market	1	typed:java.util.Map<String, Object>	-	-	retyped	-
market-census	ts/src/zebpay.ts	addMargin	market	market	1	typed:java.util.Map<String, Object>	-	-	retyped	-
market-census	ts/src/zebpay.ts	reduceMargin	market	market	1	typed:java.util.Map<String, Object>	-	-	retyped	-
market-census	ts/src/base/Exchange.nooverloads.3285621.ts	parseCurrencies	parsed	parseCurrency	1	none	no-table-entry	-	Object	sim-ok
market-census	ts/src/base/Exchange.nooverloads.3285621.ts	featureValue	market	market	1	typed:java.util.Map<String, Object>	-	-	retyped	-
market-census	ts/src/base/Exchange.nooverloads.3285621.ts	setMarkets	currency	safeCurrencyStructure	1	typed:java.util.Map<String, Object>	-	-	retyped	-
market-census	ts/src/base/Exchange.nooverloads.3285621.ts	setMarkets	currency	safeCurrencyStructure	1	typed:java.util.Map<String, Object>	-	-	retyped	-
market-census	ts/src/base/Exchange.nooverloads.3285621.ts	parseOrders	parsed	parseOrder	2	none	no-table-entry	-	Object	sim-ok
market-census	ts/src/base/Exchange.nooverloads.3285621.ts	parseOrders	parsedOrder	parseOrder	2	none	no-table-entry	-	Object	sim-ok
market-census	ts/src/base/Exchange.nooverloads.3285621.ts	marketSymbols	market	market	1	typed:java.util.Map<String, Object>	-	-	retyped	-
market-census	ts/src/base/Exchange.nooverloads.3285621.ts	parseLeverageTiers	market	safeMarket	4	typed:java.util.Map<String, Object>	-	-	retyped	-
market-census	ts/src/base/Exchange.nooverloads.3285621.ts	parseLeverageTiers	market	safeMarket	4	typed:java.util.Map<String, Object>	-	-	retyped	-
market-census	ts/src/base/Exchange.nooverloads.3285621.ts	marketId	market	market	1	typed:java.util.Map<String, Object>	-	-	retyped	-
market-census	ts/src/base/Exchange.nooverloads.3285621.ts	symbol	market	market	1	typed:java.util.Map<String, Object>	-	-	retyped	-
market-census	ts/src/base/Exchange.nooverloads.3285621.ts	safeMarket	result	safeMarketStructure	1	typed:java.util.Map<String, Object>	-	-	retyped	-
market-census	ts/src/base/Exchange.nooverloads.3285621.ts	safeMarket	emptyMarket	safeMarketStructure	1	typed:java.util.Map<String, Object>	-	-	retyped	-
market-census	ts/src/base/Exchange.nooverloads.3285621.ts	fetchPositionADLRank	market	market	1	typed:java.util.Map<String, Object>	-	-	retyped	-
market-census	ts/src/base/Exchange.nooverloads.3285621.ts	costToPrecision	market	market	1	typed:java.util.Map<String, Object>	-	-	retyped	-
market-census	ts/src/base/Exchange.nooverloads.3285621.ts	priceToPrecision	market	market	1	typed:java.util.Map<String, Object>	-	-	retyped	-
market-census	ts/src/base/Exchange.nooverloads.3285621.ts	amountToPrecision	market	market	1	typed:java.util.Map<String, Object>	-	-	retyped	-
market-census	ts/src/base/Exchange.nooverloads.3285621.ts	feeToPrecision	market	market	1	typed:java.util.Map<String, Object>	-	-	retyped	-
market-census	ts/src/base/Exchange.nooverloads.3285621.ts	fetchMarketLeverageTiers	market	market	1	typed:java.util.Map<String, Object>	-	-	retyped	-
market-census	ts/src/base/Exchange.nooverloads.3285621.ts	parseLastPrices	market	safeMarket	1	typed:java.util.Map<String, Object>	-	-	retyped	-
market-census	ts/src/base/Exchange.nooverloads.3285621.ts	parseTickers	parsedTicker	parseTicker	1	none	no-table-entry	-	Object	sim-ok
market-census	ts/src/base/Exchange.nooverloads.3285621.ts	parseTickers	market	safeMarket	1	typed:java.util.Map<String, Object>	-	-	retyped	-
market-census	ts/src/base/Exchange.nooverloads.3285621.ts	parseTickers	parsed	parseTicker	2	none	no-table-entry	-	Object	sim-ok
market-census	ts/src/base/Exchange.nooverloads.3285621.ts	fetchFundingRate	market	market	1	typed:java.util.Map<String, Object>	-	-	retyped	-
market-census	ts/src/base/Exchange.nooverloads.3285621.ts	fetchFundingInterval	market	market	1	typed:java.util.Map<String, Object>	-	-	retyped	-
market-census	ts/src/base/Exchange.nooverloads.3285621.ts	convertTypeToAccount	market	market	1	typed:java.util.Map<String, Object>	-	-	retyped	-
market-census	ts/src/base/Exchange.nooverloads.3285621.ts	parseDepositWithdrawFees	currency	safeCurrency	1	typed:java.util.Map<String, Object>	-	-	retyped	-
market-census	ts/src/base/Exchange.nooverloads.3285621.ts	getMarketFromSymbols	market	market	1	typed:java.util.Map<String, Object>	-	-	retyped	-
market-census	ts/src/base/Exchange.nooverloads.3285621.ts	parseAllGreeks	market	safeMarket	1	typed:java.util.Map<String, Object>	-	-	retyped	-
market-census	ts/src/base/Exchange.nooverloads.3285621.ts	parseOptionChain	currency	safeCurrency	1	typed:java.util.Map<String, Object>	-	-	retyped	-
market-census	ts/src/base/Exchange.nooverloads.3285621.ts	parseOptionChain	market	safeMarket	4	typed:java.util.Map<String, Object>	-	-	retyped	-
market-census	ts/src/base/Exchange.nooverloads.3285621.ts	parseMarginModes	market	safeMarket	4	typed:java.util.Map<String, Object>	-	-	retyped	-
market-census	ts/src/base/Exchange.nooverloads.3285621.ts	parseLeverages	market	safeMarket	4	typed:java.util.Map<String, Object>	-	-	retyped	-
market-census	ts/src/base/Exchange.nooverloads.3285621.ts	parseMarginModifications	market	safeMarket	4	typed:java.util.Map<String, Object>	-	-	retyped	-
market-census	ts/src/base/Exchange.nooverloads.3285621.ts	fetchMarkPrice	market	market	1	typed:java.util.Map<String, Object>	-	-	retyped	-
market-census	ts/src/base/Exchange.nooverloads.3285621.ts	fetchTickerWs	market	market	1	typed:java.util.Map<String, Object>	-	-	retyped	-
market-census	ts/src/base/Exchange.nooverloads.3285621.ts	fetchTicker	market	market	1	typed:java.util.Map<String, Object>	-	-	retyped	-
market-census	ts/src/pro/alpaca.ts	watchTicker	market	market	1	typed:java.util.Map<String, Object>	-	-	retyped	-
market-census	ts/src/pro/alpaca.ts	handleTicker	ticker	parseTicker	1	none	no-table-entry	-	Object	sim-ok
market-census	ts/src/pro/alpaca.ts	watchOHLCV	market	market	1	typed:java.util.Map<String, Object>	-	-	retyped	-
market-census	ts/src/pro/alpaca.ts	watchOrderBook	market	market	1	typed:java.util.Map<String, Object>	-	-	retyped	-
market-census	ts/src/pro/alpaca.ts	watchTrades	market	market	1	typed:java.util.Map<String, Object>	-	-	retyped	-
market-census	ts/src/pro/alpaca.ts	handleTrades	parsed	parseTrade	1	none	no-table-entry	-	Object	sim-ok
market-census	ts/src/pro/alpaca.ts	watchOrders	market	market	1	typed:java.util.Map<String, Object>	-	-	retyped	-
market-census	ts/src/pro/alpaca.ts	handleOrder	order	parseOrder	1	none	no-table-entry	-	Object	sim-ok
market-census	ts/src/pro/apex.ts	watchTradesForSymbols	market	market	1	none	unsafe-use:as-cast [market as Dict]	-	Object	-
market-census	ts/src/pro/aster.ts	watchTickers	market	market	1	typed:java.util.Map<String, Object>	-	-	retyped	-
market-census	ts/src/pro/apex.ts	handleTrades	market	safeMarket	3	typed:java.util.Map<String, Object>	-	-	retyped	-
market-census	ts/src/pro/apex.ts	watchOrderBookForSymbols	market	market	1	none	unsafe-use:as-cast [market as Dict]	-	Object	-
market-census	ts/src/pro/apex.ts	handleOrderBook	market	safeMarket	3	typed:java.util.Map<String, Object>	-	-	retyped	-
market-census	ts/src/pro/apex.ts	watchTicker	market	market	1	none	unsafe-use:as-cast [market as Dict]	-	Object	-
market-census	ts/src/pro/apex.ts	watchTickers	market	market	1	none	unsafe-use:as-cast [market as Dict]	-	Object	-
market-census	ts/src/pro/apex.ts	handleTicker	parsed	parseTicker	1	none	no-table-entry	-	Object	sim-unsafe:write [parsed = this.parseTicker (data)]
market-census	ts/src/pro/apex.ts	handleTicker	market	safeMarket	3	typed:java.util.Map<String, Object>	-	-	retyped	-
market-census	ts/src/pro/apex.ts	watchOHLCVForSymbols	market	market	1	none	unsafe-use:as-cast [market as Dict]	-	Object	-
market-census	ts/src/pro/apex.ts	handleOHLCV	market	safeMarket	4	typed:java.util.Map<String, Object>	-	-	retyped	-
market-census	ts/src/pro/apex.ts	handleOrder	parsed	parseOrder	1	none	no-table-entry	-	Object	sim-ok
market-census	ts/src/pro/aster.ts	unWatchTickers	market	market	1	typed:java.util.Map<String, Object>	-	-	retyped	-
market-census	ts/src/pro/aster.ts	watchMarkPrices	market	market	1	typed:java.util.Map<String, Object>	-	-	retyped	-
market-census	ts/src/pro/aster.ts	unWatchMarkPrices	market	market	1	typed:java.util.Map<String, Object>	-	-	retyped	-
market-census	ts/src/pro/aster.ts	parseWsTicker	market	safeMarket	4	typed:java.util.Map<String, Object>	-	-	retyped	-
market-census	ts/src/pro/aster.ts	watchBidsAsks	market	market	1	typed:java.util.Map<String, Object>	-	-	retyped	-
market-census	ts/src/pro/aster.ts	unWatchBidsAsks	market	market	1	typed:java.util.Map<String, Object>	-	-	retyped	-
market-census	ts/src/pro/aster.ts	handleBidAsk	market	safeMarket	4	typed:java.util.Map<String, Object>	-	-	retyped	-
market-census	ts/src/pro/aster.ts	watchTradesForSymbols	market	market	1	typed:java.util.Map<String, Object>	-	-	retyped	-
market-census	ts/src/pro/aster.ts	unWatchTradesForSymbols	market	market	1	typed:java.util.Map<String, Object>	-	-	retyped	-
market-census	ts/src/pro/aster.ts	handleTrade	market	safeMarket	4	typed:java.util.Map<String, Object>	-	-	retyped	-
market-census	ts/src/pro/aster.ts	watchOrderBookForSymbols	market	market	1	typed:java.util.Map<String, Object>	-	-	retyped	-
market-census	ts/src/pro/aster.ts	unWatchOrderBookForSymbols	market	market	1	typed:java.util.Map<String, Object>	-	-	retyped	-
market-census	ts/src/pro/aster.ts	handleOrderBook	market	safeMarket	4	typed:java.util.Map<String, Object>	-	-	retyped	-
market-census	ts/src/pro/aster.ts	watchOHLCVForSymbols	firstMarket	market	1	typed:java.util.Map<String, Object>	-	-	retyped	-
market-census	ts/src/pro/aster.ts	watchOHLCVForSymbols	market	market	1	typed:java.util.Map<String, Object>	-	-	retyped	-
market-census	ts/src/pro/aster.ts	unWatchOHLCVForSymbols	firstMarket	market	1	typed:java.util.Map<String, Object>	-	-	retyped	-
market-census	ts/src/pro/aster.ts	unWatchOHLCVForSymbols	market	market	1	typed:java.util.Map<String, Object>	-	-	retyped	-
market-census	ts/src/pro/aster.ts	handleOHLCV	market	safeMarket	4	typed:java.util.Map<String, Object>	-	-	retyped	-
market-census	ts/src/pro/aster.ts	handleMyTrade	fakeMarket	safeMarketStructure	1	typed:java.util.Map<String, Object>	-	-	retyped	-
market-census	ts/src/pro/backpack.ts	watchTicker	market	market	1	typed:java.util.Map<String, Object>	-	-	retyped	-
market-census	ts/src/pro/backpack.ts	handleTicker	market	safeMarket	1	typed:java.util.Map<String, Object>	-	-	retyped	-
market-census	ts/src/pro/backpack.ts	handleBidAsk	market	safeMarket	1	typed:java.util.Map<String, Object>	-	-	retyped	-
market-census	ts/src/pro/backpack.ts	watchOHLCVForSymbols	market	market	1	typed:java.util.Map<String, Object>	-	-	retyped	-
market-census	ts/src/pro/backpack.ts	unWatchOHLCVForSymbols	market	market	1	typed:java.util.Map<String, Object>	-	-	retyped	-
market-census	ts/src/pro/backpack.ts	handleOHLCV	market	market	1	typed:java.util.Map<String, Object>	-	-	retyped	-
market-census	ts/src/pro/backpack.ts	handleTrades	market	market	1	typed:java.util.Map<String, Object>	-	-	retyped	-
market-census	ts/src/pro/backpack.ts	handleOrder	market	safeMarket	1	typed:java.util.Map<String, Object>	-	-	retyped	-
market-census	ts/src/pro/backpack.ts	parseWsPosition	marketResolved	safeMarket	2	typed:java.util.Map<String, Object>	-	-	retyped	-
market-census	ts/src/pro/bingx.ts	watchTicker	market	market	1	typed:java.util.Map<String, Object>	-	-	retyped	-
market-census	ts/src/pro/binance.ts	getStockTickerFromSymbol	market	market	1	typed:java.util.Map<String, Object>	-	-	retyped	-
market-census	ts/src/pro/bingx.ts	unWatchTicker	market	market	1	none	unsafe-use:pro-inherited-async [market]	-	Object	-
market-census	ts/src/pro/bingx.ts	handleTicker	market	safeMarket	4	typed:java.util.Map<String, Object>	-	-	retyped	-
market-census	ts/src/pro/bingx.ts	watchTrades	market	market	1	typed:java.util.Map<String, Object>	-	-	retyped	-
market-census	ts/src/pro/bingx.ts	unWatchTrades	market	market	1	none	unsafe-use:pro-inherited-async [market]	-	Object	-
market-census	ts/src/pro/bingx.ts	handleTrades	market	safeMarket	4	typed:java.util.Map<String, Object>	-	-	retyped	-
market-census	ts/src/pro/bingx.ts	watchOrderBook	market	market	1	typed:java.util.Map<String, Object>	-	-	retyped	-
market-census	ts/src/pro/bingx.ts	unWatchOrderBook	market	market	1	none	unsafe-use:pro-inherited-async [market]	-	Object	-
market-census	ts/src/pro/bingx.ts	handleOrderBook	market	safeMarket	4	typed:java.util.Map<String, Object>	-	-	retyped	-
market-census	ts/src/pro/bingx.ts	handleOHLCV	market	safeMarket	4	typed:java.util.Map<String, Object>	-	-	retyped	-
market-census	ts/src/pro/bingx.ts	watchOHLCV	market	market	1	typed:java.util.Map<String, Object>	-	-	retyped	-
market-census	ts/src/pro/bingx.ts	unWatchOHLCV	market	market	1	none	unsafe-use:pro-inherited-async [market]	-	Object	-
market-census	ts/src/pro/bingx.ts	handleOrder	parsedOrder	parseOrder	1	none	no-table-entry	-	Object	sim-ok
market-census	ts/src/pro/bingx.ts	handleMyTrades	market	safeMarket	4	typed:java.util.Map<String, Object>	-	-	retyped	-
market-census	ts/src/pro/bingx.ts	handleMyTrades	parsed	parseTrade	2	none	no-table-entry	-	Object	sim-ok
market-census	ts/src/pro/bitfinex.ts	subscribe	market	market	1	typed:java.util.Map<String, Object>	-	-	retyped	-
market-census	ts/src/pro/bitfinex.ts	unSubscribe	market	market	1	typed:java.util.Map<String, Object>	-	-	retyped	-
market-census	ts/src/pro/bitfinex.ts	watchOHLCV	market	market	1	typed:java.util.Map<String, Object>	-	-	retyped	-
market-census	ts/src/pro/bitfinex.ts	unWatchOHLCV	market	market	1	typed:java.util.Map<String, Object>	-	-	retyped	-
market-census	ts/src/pro/bitfinex.ts	handleOHLCV	market	safeMarket	1	typed:java.util.Map<String, Object>	-	-	retyped	-
market-census	ts/src/pro/bitfinex.ts	watchMyTrades	market	market	1	typed:java.util.Map<String, Object>	-	-	retyped	-
market-census	ts/src/pro/bitfinex.ts	handleMyTrade	market	market	1	typed:java.util.Map<String, Object>	-	-	retyped	-
market-census	ts/src/pro/bitfinex.ts	handleTrades	market	safeMarket	1	typed:java.util.Map<String, Object>	-	-	retyped	-
market-census	ts/src/pro/bitfinex.ts	handleTicker	market	safeMarket	1	typed:java.util.Map<String, Object>	-	-	retyped	-
market-census	ts/src/pro/bitfinex.ts	watchOrders	market	market	1	typed:java.util.Map<String, Object>	-	-	retyped	-
market-census	ts/src/pro/bitfinex.ts	handleOrders	market	market	1	typed:java.util.Map<String, Object>	-	-	retyped	-
market-census	ts/src/pro/binance.ts	watchLiquidationsForSymbols	market	market	1	typed:java.util.Map<String, Object>	-	-	retyped	-
market-census	ts/src/pro/binance.ts	handleLiquidation	market	safeMarket	4	typed:java.util.Map<String, Object>	-	-	retyped	-
market-census	ts/src/pro/binance.ts	handleMyLiquidation	market	safeMarket	4	typed:java.util.Map<String, Object>	-	-	retyped	-
market-census	ts/src/pro/binance.ts	watchOrderBookForSymbols	firstMarket	market	1	typed:java.util.Map<String, Object>	-	-	retyped	-
market-census	ts/src/pro/binance.ts	watchOrderBookForSymbols	market	market	1	typed:java.util.Map<String, Object>	-	-	retyped	-
market-census	ts/src/pro/binance.ts	unWatchOrderBookForSymbols	firstMarket	market	1	typed:java.util.Map<String, Object>	-	-	retyped	-
market-census	ts/src/pro/binance.ts	unWatchOrderBookForSymbols	market	market	1	typed:java.util.Map<String, Object>	-	-	retyped	-
market-census	ts/src/pro/binance.ts	fetchOrderBookWs	market	market	1	typed:java.util.Map<String, Object>	-	-	retyped	-
market-census	ts/src/pro/binance.ts	handleOrderBook	market	safeMarket	4	typed:java.util.Map<String, Object>	-	-	retyped	-
market-census	ts/src/pro/binance.ts	watchTradesForSymbols	firstMarket	market	1	typed:java.util.Map<String, Object>	-	-	retyped	-
market-census	ts/src/pro/binance.ts	watchTradesForSymbols	market	market	1	typed:java.util.Map<String, Object>	-	-	retyped	-
market-census	ts/src/pro/binance.ts	watchTradesForSymbols	market	market	1	typed:java.util.Map<String, Object>	-	-	retyped	-
market-census	ts/src/pro/binance.ts	unWatchTradesForSymbols	firstMarket	market	1	typed:java.util.Map<String, Object>	-	-	retyped	-
market-census	ts/src/pro/binance.ts	unWatchTradesForSymbols	market	market	1	typed:java.util.Map<String, Object>	-	-	retyped	-
market-census	ts/src/pro/binance.ts	unWatchTradesForSymbols	market	market	1	typed:java.util.Map<String, Object>	-	-	retyped	-
market-census	ts/src/pro/binance.ts	handleTrade	market	safeMarket	4	typed:java.util.Map<String, Object>	-	-	retyped	-
market-census	ts/src/pro/binance.ts	watchOHLCV	market	market	1	typed:java.util.Map<String, Object>	-	-	retyped	-
market-census	ts/src/pro/binance.ts	watchOHLCVForSymbols	stockMarket	market	1	typed:java.util.Map<String, Object>	-	-	retyped	-
market-census	ts/src/pro/binance.ts	watchOHLCVForSymbols	firstMarket	market	1	typed:java.util.Map<String, Object>	-	-	retyped	-
market-census	ts/src/pro/binance.ts	watchOHLCVForSymbols	market	market	1	typed:java.util.Map<String, Object>	-	-	retyped	-
market-census	ts/src/pro/binance.ts	unWatchOHLCVForSymbols	firstMarket	market	1	typed:java.util.Map<String, Object>	-	-	retyped	-
market-census	ts/src/pro/binance.ts	unWatchOHLCVForSymbols	market	market	1	typed:java.util.Map<String, Object>	-	-	retyped	-
market-census	ts/src/pro/binance.ts	unWatchOHLCV	market	market	1	typed:java.util.Map<String, Object>	-	-	retyped	-
market-census	ts/src/pro/binance.ts	fetchTickerWs	market	market	1	typed:java.util.Map<String, Object>	-	-	retyped	-
market-census	ts/src/pro/binance.ts	fetchOHLCVWs	market	market	1	typed:java.util.Map<String, Object>	-	-	retyped	-
market-census	ts/src/pro/binance.ts	watchMultiTickerHelper	market	market	1	typed:java.util.Map<String, Object>	-	-	retyped	-
market-census	ts/src/pro/binance.ts	parseWsTicker	market	safeMarket	4	typed:java.util.Map<String, Object>	-	-	retyped	-
market-census	ts/src/pro/binance.ts	createOrderWs	market	market	1	typed:java.util.Map<String, Object>	-	-	retyped	-
market-census	ts/src/pro/binance.ts	handleOrderWs	order	parseOrder	1	none	no-table-entry	-	Object	sim-ok
market-census	ts/src/pro/binance.ts	handleOrdersWs	orders	parseOrders	1	typed:java.util.List<Object>	-	java.util.List<Object>	retyped	-
market-census	ts/src/pro/binance.ts	editOrderWs	market	market	1	typed:java.util.Map<String, Object>	-	-	retyped	-
market-census	ts/src/pro/binance.ts	cancelOrderWs	market	market	1	typed:java.util.Map<String, Object>	-	-	retyped	-
market-census	ts/src/pro/binance.ts	cancelAllOrdersWs	market	market	1	typed:java.util.Map<String, Object>	-	-	retyped	-
market-census	ts/src/pro/binance.ts	fetchOrderWs	market	market	1	typed:java.util.Map<String, Object>	-	-	retyped	-
market-census	ts/src/pro/binance.ts	fetchOrdersWs	market	market	1	typed:java.util.Map<String, Object>	-	-	retyped	-
market-census	ts/src/pro/binance.ts	fetchOpenOrdersWs	market	market	1	typed:java.util.Map<String, Object>	-	-	retyped	-
market-census	ts/src/pro/binance.ts	handleStockPrice	parsed	safeTicker	1	none	no-table-entry	-	Object	sim-ok
market-census	ts/src/pro/binance.ts	handleStockQuote	parsed	safeTicker	1	none	no-table-entry	-	Object	sim-ok
market-census	ts/src/pro/binance.ts	fetchMyTradesWs	market	market	1	typed:java.util.Map<String, Object>	-	-	retyped	-
market-census	ts/src/pro/binance.ts	fetchTradesWs	market	market	1	typed:java.util.Map<String, Object>	-	-	retyped	-
market-census	ts/src/pro/binance.ts	handleTradesWs	trades	parseTrades	1	typed:java.util.List<Object>	-	java.util.List<Object>	retyped	-
market-census	ts/src/pro/binance.ts	watchMyTrades	marketResolved	market	1	typed:java.util.Map<String, Object>	-	-	retyped	-
market-census	ts/src/pro/bitget.ts	watchTicker	market	market	1	typed:java.util.Map<String, Object>	-	-	retyped	-
market-census	ts/src/pro/bithumb.ts	watchTicker	market	market	1	typed:java.util.Map<String, Object>	-	-	retyped	-
market-census	ts/src/pro/bithumb.ts	watchTickers	market	market	1	typed:java.util.Map<String, Object>	-	-	retyped	-
market-census	ts/src/pro/bithumb.ts	watchOrderBook	market	market	1	typed:java.util.Map<String, Object>	-	-	retyped	-
market-census	ts/src/pro/bithumb.ts	watchTrades	market	market	1	typed:java.util.Map<String, Object>	-	-	retyped	-
market-census	ts/src/pro/bithumb.ts	watchOrders	market	market	1	typed:java.util.Map<String, Object>	-	-	retyped	-
market-census	ts/src/pro/bithumb.ts	parseWsOrder	marketForFee	safeMarket	2	typed:java.util.Map<String, Object>	-	-	retyped	-
market-census	ts/src/pro/bitget.ts	watchTickers	market	market	1	typed:java.util.Map<String, Object>	-	-	retyped	-
market-census	ts/src/pro/bitget.ts	watchTickers	marketInner	market	1	typed:java.util.Map<String, Object>	-	-	retyped	-
market-census	ts/src/pro/bitget.ts	watchBidsAsks	market	market	1	typed:java.util.Map<String, Object>	-	-	retyped	-
market-census	ts/src/pro/bitget.ts	watchBidsAsks	marketInner	market	1	typed:java.util.Map<String, Object>	-	-	retyped	-
market-census	ts/src/pro/bitget.ts	watchOHLCV	market	market	1	typed:java.util.Map<String, Object>	-	-	retyped	-
market-census	ts/src/pro/bitget.ts	unWatchOHLCV	market	market	1	typed:java.util.Map<String, Object>	-	-	retyped	-
market-census	ts/src/pro/bitget.ts	handleOHLCV	market	safeMarket	4	typed:java.util.Map<String, Object>	-	-	retyped	-
market-census	ts/src/pro/bitget.ts	unWatchChannel	market	market	1	typed:java.util.Map<String, Object>	-	-	retyped	-
market-census	ts/src/pro/bitget.ts	watchOrderBookForSymbols	market	market	1	typed:java.util.Map<String, Object>	-	-	retyped	-
market-census	ts/src/pro/bitget.ts	handleOrderBook	market	safeMarket	4	typed:java.util.Map<String, Object>	-	-	retyped	-
market-census	ts/src/pro/bitget.ts	watchTradesForSymbols	market	market	1	typed:java.util.Map<String, Object>	-	-	retyped	-
market-census	ts/src/pro/bitget.ts	handleTrades	market	safeMarket	4	typed:java.util.Map<String, Object>	-	-	retyped	-
market-census	ts/src/pro/bitget.ts	handlePositions	market	safeMarket	4	typed:java.util.Map<String, Object>	-	-	retyped	-
market-census	ts/src/pro/bitget.ts	handleOrder	market	safeMarket	4	typed:java.util.Map<String, Object>	-	-	retyped	-
market-census	ts/src/pro/bitget.ts	handleOrderBookUnSubscription	market	safeMarket	4	typed:java.util.Map<String, Object>	-	-	retyped	-
market-census	ts/src/pro/bitget.ts	handleTradesUnSubscription	market	safeMarket	4	typed:java.util.Map<String, Object>	-	-	retyped	-
market-census	ts/src/pro/bitget.ts	handleTickerUnSubscription	market	safeMarket	4	typed:java.util.Map<String, Object>	-	-	retyped	-
market-census	ts/src/pro/bitget.ts	handleOHLCVUnSubscription	market	safeMarket	4	typed:java.util.Map<String, Object>	-	-	retyped	-
market-census	ts/src/pro/bitmex.ts	watchTickers	market	market	1	typed:java.util.Map<String, Object>	-	-	retyped	-
market-census	ts/src/pro/bitopro.ts	watchOrderBook	market	market	1	typed:java.util.Map<String, Object>	-	-	retyped	-
market-census	ts/src/pro/bitopro.ts	handleOrderBook	market	safeMarket	3	typed:java.util.Map<String, Object>	-	-	retyped	-
market-census	ts/src/pro/bitopro.ts	watchTrades	market	market	1	typed:java.util.Map<String, Object>	-	-	retyped	-
market-census	ts/src/pro/bitopro.ts	handleTrade	market	safeMarket	3	typed:java.util.Map<String, Object>	-	-	retyped	-
market-census	ts/src/pro/bitopro.ts	handleTrade	trades	parseTrades	2	typed:java.util.List<Object>	-	java.util.List<Object>	retyped	-
market-census	ts/src/pro/bitopro.ts	watchMyTrades	market	market	1	typed:java.util.Map<String, Object>	-	-	retyped	-
market-census	ts/src/pro/bitopro.ts	watchTicker	market	market	1	typed:java.util.Map<String, Object>	-	-	retyped	-
market-census	ts/src/pro/bitopro.ts	handleTicker	market	safeMarket	3	typed:java.util.Map<String, Object>	-	-	retyped	-
market-census	ts/src/pro/bitopro.ts	handleTicker	result	parseTicker	2	none	no-table-entry	-	Object	sim-ok
market-census	ts/src/pro/bitmex.ts	handleTicker	updatedTicker	parseTicker	1	none	no-table-entry	-	Object	sim-ok
market-census	ts/src/pro/bitmex.ts	watchLiquidationsForSymbols	market	market	1	typed:java.util.Map<String, Object>	-	-	retyped	-
market-census	ts/src/pro/bitmex.ts	handleTrades	market	safeMarket	1	typed:java.util.Map<String, Object>	-	-	retyped	-
market-census	ts/src/pro/bitmex.ts	handleTrades	trades	parseTrades	2	typed:java.util.List<Object>	-	java.util.List<Object>	retyped	-
market-census	ts/src/pro/bitmex.ts	handleOrders	order	parseOrder	1	none	no-table-entry	-	Object	sim-ok
market-census	ts/src/pro/bitmex.ts	handleMyTrades	trades	parseTrades	1	typed:java.util.List<Object>	-	java.util.List<Object>	retyped	-
market-census	ts/src/pro/bitmex.ts	watchOrderBookForSymbols	market	market	1	typed:java.util.Map<String, Object>	-	-	retyped	-
market-census	ts/src/pro/bitmex.ts	watchTradesForSymbols	market	market	1	typed:java.util.Map<String, Object>	-	-	retyped	-
market-census	ts/src/pro/bitmex.ts	watchOHLCV	market	market	1	typed:java.util.Map<String, Object>	-	-	retyped	-
market-census	ts/src/pro/bitmex.ts	handleOHLCV	market	safeMarket	1	typed:java.util.Map<String, Object>	-	-	retyped	-
market-census	ts/src/pro/bitmex.ts	handleOrderBook	market	safeMarket	1	typed:java.util.Map<String, Object>	-	-	retyped	-
market-census	ts/src/pro/bitmex.ts	handleOrderBook	market	safeMarket	1	typed:java.util.Map<String, Object>	-	-	retyped	-
market-census	ts/src/pro/bitmex.ts	handleOrderBook	market	safeMarket	1	typed:java.util.Map<String, Object>	-	-	retyped	-
market-census	ts/src/pro/bitstamp.ts	watchOrderBook	market	market	1	typed:java.util.Map<String, Object>	-	-	retyped	-
market-census	ts/src/pro/bitrue.ts	watchOrders	market	market	1	typed:java.util.Map<String, Object>	-	-	retyped	-
market-census	ts/src/pro/bitstamp.ts	watchTrades	market	market	1	typed:java.util.Map<String, Object>	-	-	retyped	-
market-census	ts/src/pro/bitstamp.ts	handleTrade	market	safeMarket	1	typed:java.util.Map<String, Object>	-	-	retyped	-
market-census	ts/src/pro/bitstamp.ts	watchOrders	market	market	1	typed:java.util.Map<String, Object>	-	-	retyped	-
market-census	ts/src/pro/bitstamp.ts	handleOrders	market	market	1	typed:java.util.Map<String, Object>	-	-	retyped	-
market-census	ts/src/pro/bittrade.ts	watchTicker	market	market	1	typed:java.util.Map<String, Object>	-	-	retyped	-
market-census	ts/src/pro/bitrue.ts	watchOrderBook	market	market	1	typed:java.util.Map<String, Object>	-	-	retyped	-
market-census	ts/src/pro/bitrue.ts	convertFromRawQuantity	market	market	1	typed:java.util.Map<String, Object>	-	-	retyped	-
market-census	ts/src/pro/bitrue.ts	watchTrades	market	market	1	typed:java.util.Map<String, Object>	-	-	retyped	-
market-census	ts/src/pro/bitrue.ts	watchOHLCV	market	market	1	typed:java.util.Map<String, Object>	-	-	retyped	-
market-census	ts/src/pro/bitrue.ts	watchTicker	market	market	1	typed:java.util.Map<String, Object>	-	-	retyped	-
market-census	ts/src/pro/bittrade.ts	handleTicker	market	safeMarket	1	typed:java.util.Map<String, Object>	-	-	retyped	-
market-census	ts/src/pro/bittrade.ts	handleTicker	ticker	parseTicker	2	none	no-table-entry	-	Object	sim-ok
market-census	ts/src/pro/bittrade.ts	watchTrades	market	market	1	typed:java.util.Map<String, Object>	-	-	retyped	-
market-census	ts/src/pro/bittrade.ts	handleTrades	market	safeMarket	1	typed:java.util.Map<String, Object>	-	-	retyped	-
market-census	ts/src/pro/bittrade.ts	handleTrades	trade	parseTrade	2	none	no-table-entry	-	Object	sim-ok
market-census	ts/src/pro/bittrade.ts	watchOHLCV	market	market	1	typed:java.util.Map<String, Object>	-	-	retyped	-
market-census	ts/src/pro/bittrade.ts	handleOHLCV	market	safeMarket	1	typed:java.util.Map<String, Object>	-	-	retyped	-
market-census	ts/src/pro/bittrade.ts	watchOrderBook	market	market	1	typed:java.util.Map<String, Object>	-	-	retyped	-
market-census	ts/src/pro/blockchaincom.ts	watchOHLCV	market	market	1	typed:java.util.Map<String, Object>	-	-	retyped	-
market-census	ts/src/pro/bitvavo.ts	watchPublic	market	market	1	typed:java.util.Map<String, Object>	-	-	retyped	-
market-census	ts/src/pro/blockchaincom.ts	watchTicker	market	market	1	typed:java.util.Map<String, Object>	-	-	retyped	-
market-census	ts/src/pro/blockchaincom.ts	handleTicker	market	safeMarket	1	typed:java.util.Map<String, Object>	-	-	retyped	-
market-census	ts/src/pro/blockchaincom.ts	watchTrades	market	market	1	typed:java.util.Map<String, Object>	-	-	retyped	-
market-census	ts/src/pro/blockchaincom.ts	handleTrades	market	safeMarket	1	typed:java.util.Map<String, Object>	-	-	retyped	-
market-census	ts/src/pro/blockchaincom.ts	watchOrders	market	market	1	typed:java.util.Map<String, Object>	-	-	retyped	-
market-census	ts/src/pro/blockchaincom.ts	watchOrderBook	market	market	1	typed:java.util.Map<String, Object>	-	-	retyped	-
market-census	ts/src/pro/blofin.ts	handleOrderBook	market	safeMarket	1	typed:java.util.Map<String, Object>	-	-	retyped	-
market-census	ts/src/pro/bitvavo.ts	watchPublicMultiple	market	market	1	typed:java.util.Map<String, Object>	-	-	retyped	-
market-census	ts/src/pro/bitvavo.ts	handleTicker	market	safeMarket	3	typed:java.util.Map<String, Object>	-	-	retyped	-
market-census	ts/src/pro/bitvavo.ts	handleTicker	ticker	parseTicker	2	none	no-table-entry	-	Object	sim-ok
market-census	ts/src/pro/bitvavo.ts	handleTrade	market	safeMarket	3	typed:java.util.Map<String, Object>	-	-	retyped	-
market-census	ts/src/pro/bitvavo.ts	handleTrade	trade	parseTrade	2	none	no-table-entry	-	Object	sim-ok
market-census	ts/src/pro/bitvavo.ts	watchTradesForSymbols	market	market	1	typed:java.util.Map<String, Object>	-	-	retyped	-
market-census	ts/src/pro/bitvavo.ts	unWatchTradesForSymbols	market	market	1	typed:java.util.Map<String, Object>	-	-	retyped	-
market-census	ts/src/pro/bitvavo.ts	watchOHLCV	market	market	1	typed:java.util.Map<String, Object>	-	-	retyped	-
market-census	ts/src/pro/bitvavo.ts	handleOHLCV	market	safeMarket	3	typed:java.util.Map<String, Object>	-	-	retyped	-
market-census	ts/src/pro/bitvavo.ts	watchOHLCVForSymbols	market	market	1	typed:java.util.Map<String, Object>	-	-	retyped	-
market-census	ts/src/pro/bitvavo.ts	unWatchOHLCVForSymbols	market	market	1	typed:java.util.Map<String, Object>	-	-	retyped	-
market-census	ts/src/pro/bitvavo.ts	watchOrderBook	market	market	1	typed:java.util.Map<String, Object>	-	-	retyped	-
market-census	ts/src/pro/bitvavo.ts	watchOrderBookForSymbols	market	market	1	typed:java.util.Map<String, Object>	-	-	retyped	-
market-census	ts/src/pro/bitvavo.ts	unWatchOrderBookForSymbols	market	market	1	typed:java.util.Map<String, Object>	-	-	retyped	-
market-census	ts/src/pro/bitvavo.ts	handleOrderBook	market	safeMarket	3	typed:java.util.Map<String, Object>	-	-	retyped	-
market-census	ts/src/pro/bitvavo.ts	watchOrders	market	market	1	typed:java.util.Map<String, Object>	-	-	retyped	-
market-census	ts/src/pro/bitvavo.ts	watchMyTrades	market	market	1	typed:java.util.Map<String, Object>	-	-	retyped	-
market-census	ts/src/pro/bitvavo.ts	handleMultipleOrders	orders	parseOrders	1	typed:java.util.List<Object>	-	java.util.List<Object>	retyped	-
market-census	ts/src/pro/bitvavo.ts	fetchOrderWs	market	market	1	typed:java.util.Map<String, Object>	-	-	retyped	-
market-census	ts/src/pro/bitvavo.ts	handleMyTrades	trades	parseTrades	4	typed:java.util.List<Object>	-	java.util.List<Object>	retyped	-
market-census	ts/src/pro/bitvavo.ts	handleFetchCurrencies	currencies	parseCurrencies	1	none	no-table-entry	-	Object	sim-ok
market-census	ts/src/pro/bitvavo.ts	handleSingleOrder	order	parseOrder	1	none	no-table-entry	-	Object	sim-ok
market-census	ts/src/pro/bitvavo.ts	handleMarkets	markets	parseMarkets	1	none	no-table-entry	-	Object	sim-ok
market-census	ts/src/pro/bitvavo.ts	handleOrder	market	safeMarket	3	typed:java.util.Map<String, Object>	-	-	retyped	-
market-census	ts/src/pro/bitvavo.ts	handleOrder	order	parseOrder	2	none	no-table-entry	-	Object	sim-ok
market-census	ts/src/pro/bitvavo.ts	handleMyTrade	market	safeMarket	3	typed:java.util.Map<String, Object>	-	-	retyped	-
market-census	ts/src/pro/bitvavo.ts	handleMyTrade	trade	parseTrade	2	none	no-table-entry	-	Object	sim-ok
market-census	ts/src/pro/blofin.ts	watchTicker	market	market	1	typed:java.util.Map<String, Object>	-	-	retyped	-
market-census	ts/src/pro/blofin.ts	watchBidsAsks	firstMarket	market	1	typed:java.util.Map<String, Object>	-	-	retyped	-
market-census	ts/src/pro/blofin.ts	watchBidsAsks	market	market	1	typed:java.util.Map<String, Object>	-	-	retyped	-
market-census	ts/src/pro/blofin.ts	handleOHLCV	market	safeMarket	1	typed:java.util.Map<String, Object>	-	-	retyped	-
market-census	ts/src/pro/blofin.ts	watchFundingRate	market	market	1	typed:java.util.Map<String, Object>	-	-	retyped	-
market-census	ts/src/pro/bullish.ts	watchTrades	market	market	1	typed:java.util.Map<String, Object>	-	-	retyped	-
market-census	ts/src/pro/bullish.ts	handleTrades	market	market	1	typed:java.util.Map<String, Object>	-	-	retyped	-
market-census	ts/src/pro/bullish.ts	handleTrades	trades	parseTrades	2	typed:java.util.List<Object>	-	java.util.List<Object>	retyped	-
market-census	ts/src/pro/bullish.ts	watchTicker	market	market	1	typed:java.util.Map<String, Object>	-	-	retyped	-
market-census	ts/src/pro/bullish.ts	handleTicker	market	safeMarket	1	typed:java.util.Map<String, Object>	-	-	retyped	-
market-census	ts/src/pro/bullish.ts	handleTicker	parsed	parseTicker	2	none	no-table-entry	-	Object	sim-unsafe:write [parsed = this.parseTicker (merged, market)]
market-census	ts/src/pro/bullish.ts	watchOrderBook	market	market	1	typed:java.util.Map<String, Object>	-	-	retyped	-
market-census	ts/src/pro/bullish.ts	handleOrders	parsedOrder	parseOrder	1	none	no-table-entry	-	Object	sim-ok
market-census	ts/src/pro/bullish.ts	handleMyTrades	parsedTrade	parseTrade	1	none	no-table-entry	-	Object	sim-ok
market-census	ts/src/pro/bydfi.ts	watchTicker	market	market	1	typed:java.util.Map<String, Object>	-	-	retyped	-
market-census	ts/src/pro/bybit.ts	watchTicker	market	market	1	typed:java.util.Map<String, Object>	-	-	retyped	-
market-census	ts/src/pro/bydfi.ts	handleTicker	ticker	parseTicker	1	none	no-table-entry	-	Object	sim-ok
market-census	ts/src/pro/bydfi.ts	watchOHLCVForSymbols	market	market	1	typed:java.util.Map<String, Object>	-	-	retyped	-
market-census	ts/src/pro/bydfi.ts	unWatchOHLCVForSymbols	market	market	1	typed:java.util.Map<String, Object>	-	-	retyped	-
market-census	ts/src/pro/bydfi.ts	handleOHLCV	market	safeMarket	1	typed:java.util.Map<String, Object>	-	-	retyped	-
market-census	ts/src/pro/bydfi.ts	watchOrderBookForSymbols	market	market	1	typed:java.util.Map<String, Object>	-	-	retyped	-
market-census	ts/src/pro/bydfi.ts	unWatchOrderBookForSymbols	market	market	1	typed:java.util.Map<String, Object>	-	-	retyped	-
market-census	ts/src/pro/bydfi.ts	handleOrder	market	safeMarket	1	typed:java.util.Map<String, Object>	-	-	retyped	-
market-census	ts/src/pro/bydfi.ts	handlePositions	market	safeMarket	1	typed:java.util.Map<String, Object>	-	-	retyped	-
market-census	ts/src/pro/cex.ts	watchTrades	market	market	1	typed:java.util.Map<String, Object>	-	-	retyped	-
market-census	ts/src/pro/bybit.ts	handleTicker	market	safeMarket	4	typed:java.util.Map<String, Object>	-	-	retyped	-
market-census	ts/src/pro/bybit.ts	watchOHLCVForSymbols	market	market	1	typed:java.util.Map<String, Object>	-	-	retyped	-
market-census	ts/src/pro/bybit.ts	unWatchOHLCVForSymbols	market	market	1	typed:java.util.Map<String, Object>	-	-	retyped	-
market-census	ts/src/pro/bybit.ts	handleOHLCV	market	safeMarket	4	typed:java.util.Map<String, Object>	-	-	retyped	-
market-census	ts/src/pro/bybit.ts	watchOrderBookForSymbols	market	market	1	typed:java.util.Map<String, Object>	-	-	retyped	-
market-census	ts/src/pro/bybit.ts	unWatchOrderBookForSymbols	firstMarket	market	1	typed:java.util.Map<String, Object>	-	-	retyped	-
market-census	ts/src/pro/bybit.ts	unWatchOrderBookForSymbols	market	market	1	typed:java.util.Map<String, Object>	-	-	retyped	-
market-census	ts/src/pro/bybit.ts	handleOrderBook	market	safeMarket	4	typed:java.util.Map<String, Object>	-	-	retyped	-
market-census	ts/src/pro/bybit.ts	watchTradesForSymbols	market	market	1	typed:java.util.Map<String, Object>	-	-	retyped	-
market-census	ts/src/pro/bybit.ts	unWatchTradesForSymbols	market	market	1	typed:java.util.Map<String, Object>	-	-	retyped	-
market-census	ts/src/pro/bybit.ts	handleTrades	market	safeMarket	4	typed:java.util.Map<String, Object>	-	-	retyped	-
market-census	ts/src/pro/bybit.ts	watchLiquidations	market	market	1	typed:java.util.Map<String, Object>	-	-	retyped	-
market-census	ts/src/pro/bybit.ts	handleLiquidation	market	safeMarket	4	typed:java.util.Map<String, Object>	-	-	retyped	-
market-census	ts/src/pro/bybit.ts	handleLiquidation	market	safeMarket	4	typed:java.util.Map<String, Object>	-	-	retyped	-
market-census	ts/src/pro/bybit.ts	handleOrderWs	order	parseOrder	1	none	no-table-entry	-	Object	sim-ok
market-census	ts/src/pro/bybit.ts	handleOrder	parsed	parseOrder	1	none	no-table-entry	-	Object	sim-ok
market-census	ts/src/pro/coinbase.ts	subscribeMultiple	market	market	1	typed:java.util.Map<String, Object>	-	-	retyped	-
market-census	ts/src/pro/coinbase.ts	unSubscribeMultiple	market	market	1	typed:java.util.Map<String, Object>	-	-	retyped	-
market-census	ts/src/pro/coinbase.ts	watchOrderBook	market	market	1	typed:java.util.Map<String, Object>	-	-	retyped	-
market-census	ts/src/pro/coinbase.ts	handleOrderBook	market	safeMarket	1	typed:java.util.Map<String, Object>	-	-	retyped	-
market-census	ts/src/pro/cex.ts	handleTradesInner	market	market	1	typed:java.util.Map<String, Object>	-	-	retyped	-
market-census	ts/src/pro/cex.ts	watchTicker	market	market	1	typed:java.util.Map<String, Object>	-	-	retyped	-
market-census	ts/src/pro/cex.ts	fetchTickerWs	market	market	1	typed:java.util.Map<String, Object>	-	-	retyped	-
market-census	ts/src/pro/cex.ts	watchOrders	market	market	1	typed:java.util.Map<String, Object>	-	-	retyped	-
market-census	ts/src/pro/cex.ts	watchMyTrades	market	market	1	typed:java.util.Map<String, Object>	-	-	retyped	-
market-census	ts/src/pro/cex.ts	handleOrderUpdate	market	safeMarket	1	typed:java.util.Map<String, Object>	-	-	retyped	-
market-census	ts/src/pro/cex.ts	handleOrdersSnapshot	market	safeMarket	1	typed:java.util.Map<String, Object>	-	-	retyped	-
market-census	ts/src/pro/cex.ts	handleOrdersSnapshot	order	parseOrder	2	none	no-table-entry	-	Object	sim-ok
market-census	ts/src/pro/cex.ts	watchOrderBook	market	market	1	typed:java.util.Map<String, Object>	-	-	retyped	-
market-census	ts/src/pro/cex.ts	watchOHLCV	market	market	1	typed:java.util.Map<String, Object>	-	-	retyped	-
market-census	ts/src/pro/cex.ts	handleInitOHLCV	market	safeMarket	1	typed:java.util.Map<String, Object>	-	-	retyped	-
market-census	ts/src/pro/cex.ts	fetchOpenOrdersWs	market	market	1	typed:java.util.Map<String, Object>	-	-	retyped	-
market-census	ts/src/pro/cex.ts	createOrderWs	market	market	1	typed:java.util.Map<String, Object>	-	-	retyped	-
market-census	ts/src/pro/cex.ts	editOrderWs	market	market	1	typed:java.util.Map<String, Object>	-	-	retyped	-
market-census	ts/src/pro/coinbaseexchange.ts	watchOrderBook	market	market	1	typed:java.util.Map<String, Object>	-	-	retyped	-
market-census	ts/src/pro/coinbaseinternational.ts	getActiveSymbols	market	market	1	typed:java.util.Map<String, Object>	-	-	retyped	-
market-census	ts/src/pro/coinbaseinternational.ts	watchOHLCV	market	market	1	typed:java.util.Map<String, Object>	-	-	retyped	-
market-census	ts/src/pro/coinbaseinternational.ts	handleOHLCV	market	safeMarket	1	typed:java.util.Map<String, Object>	-	-	retyped	-
market-census	ts/src/pro/coinbaseexchange.ts	handleTicker	ticker	parseTicker	1	none	no-table-entry	-	Object	sim-ok
market-census	ts/src/pro/coinbaseexchange.ts	handleOrderBook	market	safeMarket	3	typed:java.util.Map<String, Object>	-	-	retyped	-
market-census	ts/src/pro/coincheck.ts	watchOrderBook	market	market	1	typed:java.util.Map<String, Object>	-	-	retyped	-
market-census	ts/src/pro/coincheck.ts	watchTrades	market	market	1	typed:java.util.Map<String, Object>	-	-	retyped	-
market-census	ts/src/pro/coinone.ts	watchOrderBook	market	market	1	typed:java.util.Map<String, Object>	-	-	retyped	-
market-census	ts/src/pro/coinone.ts	watchTicker	market	market	1	typed:java.util.Map<String, Object>	-	-	retyped	-
market-census	ts/src/pro/coinone.ts	watchTrades	market	market	1	typed:java.util.Map<String, Object>	-	-	retyped	-
market-census	ts/src/pro/coinex.ts	handleTicker	market	safeMarket	4	typed:java.util.Map<String, Object>	-	-	retyped	-
market-census	ts/src/pro/cryptocom.ts	watchOrderBookForSymbols	market	market	1	typed:java.util.Map<String, Object>	-	-	retyped	-
market-census	ts/src/pro/cryptocom.ts	unWatchOrderBookForSymbols	market	market	1	typed:java.util.Map<String, Object>	-	-	retyped	-
market-census	ts/src/pro/cryptocom.ts	handleOrderBook	market	safeMarket	1	typed:java.util.Map<String, Object>	-	-	retyped	-
market-census	ts/src/pro/cryptocom.ts	watchTradesForSymbols	market	market	1	typed:java.util.Map<String, Object>	-	-	retyped	-
market-census	ts/src/pro/cryptocom.ts	unWatchTradesForSymbols	market	market	1	typed:java.util.Map<String, Object>	-	-	retyped	-
market-census	ts/src/pro/cryptocom.ts	handleTrades	market	safeMarket	1	typed:java.util.Map<String, Object>	-	-	retyped	-
market-census	ts/src/pro/cryptocom.ts	handleTrades	parsedTrades	parseTrades	2	typed:java.util.List<Object>	-	java.util.List<Object>	retyped	-
market-census	ts/src/pro/cryptocom.ts	watchTicker	market	market	1	typed:java.util.Map<String, Object>	-	-	retyped	-
market-census	ts/src/pro/cryptocom.ts	unWatchTicker	market	market	1	typed:java.util.Map<String, Object>	-	-	retyped	-
market-census	ts/src/pro/cryptocom.ts	handleTicker	market	safeMarket	1	typed:java.util.Map<String, Object>	-	-	retyped	-
market-census	ts/src/pro/cryptocom.ts	watchOHLCV	market	market	1	typed:java.util.Map<String, Object>	-	-	retyped	-
market-census	ts/src/pro/cryptocom.ts	unWatchOHLCV	market	market	1	typed:java.util.Map<String, Object>	-	-	retyped	-
market-census	ts/src/pro/cryptocom.ts	handleOHLCV	market	safeMarket	1	typed:java.util.Map<String, Object>	-	-	retyped	-
market-census	ts/src/pro/cryptocom.ts	handleOrders	parsed	parseOrders	1	typed:java.util.List<Object>	-	java.util.List<Object>	retyped	-
market-census	ts/src/pro/cryptocom.ts	handleOrder	order	parseOrder	1	none	no-table-entry	-	Object	sim-ok
market-census	ts/src/pro/coinex.ts	handleMyTrades	market	safeMarket	4	typed:java.util.Map<String, Object>	-	-	retyped	-
market-census	ts/src/pro/coinex.ts	handleTrades	market	safeMarket	4	typed:java.util.Map<String, Object>	-	-	retyped	-
market-census	ts/src/pro/coinex.ts	watchTicker	market	market	1	typed:java.util.Map<String, Object>	-	-	retyped	-
market-census	ts/src/pro/coinex.ts	handleOrderBook	market	safeMarket	4	typed:java.util.Map<String, Object>	-	-	retyped	-
market-census	ts/src/pro/coinex.ts	handleOrders	market	market	1	typed:java.util.Map<String, Object>	-	-	retyped	-
market-census	ts/src/pro/deepcoin.ts	watchTicker	market	market	1	none	unsafe-use:pro-inherited-async [market]	-	Object	-
market-census	ts/src/pro/deribit.ts	watchTicker	market	market	1	typed:java.util.Map<String, Object>	-	-	retyped	-
market-census	ts/src/pro/deepcoin.ts	unWatchTicker	market	market	1	none	unsafe-use:pro-inherited-async [market]	-	Object	-
market-census	ts/src/pro/deepcoin.ts	handleTicker	market	safeMarket	3	typed:java.util.Map<String, Object>	-	-	retyped	-
market-census	ts/src/pro/deepcoin.ts	watchTrades	market	market	1	none	unsafe-use:pro-inherited-async [market]	-	Object	-
market-census	ts/src/pro/deepcoin.ts	unWatchTrades	market	market	1	none	unsafe-use:pro-inherited-async [market]	-	Object	-
market-census	ts/src/pro/deepcoin.ts	handleTrades	market	safeMarket	3	typed:java.util.Map<String, Object>	-	-	retyped	-
market-census	ts/src/pro/deepcoin.ts	watchOHLCV	market	market	1	none	unsafe-use:pro-inherited-async [market]	-	Object	-
market-census	ts/src/pro/deepcoin.ts	unWatchOHLCV	market	market	1	none	unsafe-use:pro-inherited-async [market]	-	Object	-
market-census	ts/src/pro/deepcoin.ts	handleOHLCV	market	safeMarket	3	typed:java.util.Map<String, Object>	-	-	retyped	-
market-census	ts/src/pro/deepcoin.ts	watchOrderBook	market	market	1	none	unsafe-use:pro-inherited-async [market]	-	Object	-
market-census	ts/src/pro/deepcoin.ts	unWatchOrderBook	market	market	1	none	unsafe-use:pro-inherited-async [market]	-	Object	-
market-census	ts/src/pro/deepcoin.ts	handleOrderBook	market	safeMarket	3	typed:java.util.Map<String, Object>	-	-	retyped	-
market-census	ts/src/pro/deepcoin.ts	handleOrderBookSnapshot	market	safeMarket	3	typed:java.util.Map<String, Object>	-	-	retyped	-
market-census	ts/src/pro/deepcoin.ts	handleMyTrade	market	safeMarket	3	typed:java.util.Map<String, Object>	-	-	retyped	-
market-census	ts/src/pro/deepcoin.ts	handleOrder	market	safeMarket	3	typed:java.util.Map<String, Object>	-	-	retyped	-
market-census	ts/src/pro/deepcoin.ts	handlePosition	market	safeMarket	3	typed:java.util.Map<String, Object>	-	-	retyped	-
market-census	ts/src/pro/deribit.ts	watchTickers	market	market	1	typed:java.util.Map<String, Object>	-	-	retyped	-
market-census	ts/src/pro/deribit.ts	handleTicker	ticker	parseTicker	1	none	no-table-entry	-	Object	sim-ok
market-census	ts/src/pro/deribit.ts	watchBidsAsks	market	market	1	typed:java.util.Map<String, Object>	-	-	retyped	-
market-census	ts/src/pro/deribit.ts	handleTrades	market	safeMarket	1	typed:java.util.Map<String, Object>	-	-	retyped	-
market-census	ts/src/pro/deribit.ts	handleTrades	parsed	parseTrade	2	none	no-table-entry	-	Object	sim-ok
market-census	ts/src/pro/deribit.ts	handleMyTrades	parsed	parseTrades	1	typed:java.util.List<Object>	-	java.util.List<Object>	retyped	-
market-census	ts/src/pro/deribit.ts	handleOrders	order	parseOrder	1	none	no-table-entry	-	Object	sim-ok
market-census	ts/src/pro/deribit.ts	handleOHLCV	market	safeMarket	1	typed:java.util.Map<String, Object>	-	-	retyped	-
market-census	ts/src/pro/dydx.ts	watchTrades	market	market	1	typed:java.util.Map<String, Object>	-	-	retyped	-
market-census	ts/src/pro/derive.ts	watchOrderBook	market	market	1	typed:java.util.Map<String, Object>	-	-	retyped	-
market-census	ts/src/pro/dydx.ts	unWatchTrades	market	market	1	typed:java.util.Map<String, Object>	-	-	retyped	-
market-census	ts/src/pro/dydx.ts	handleTrades	market	safeMarket	1	typed:java.util.Map<String, Object>	-	-	retyped	-
market-census	ts/src/pro/dydx.ts	handleTrades	parsedTrades	parseTrades	2	typed:java.util.List<Object>	-	java.util.List<Object>	retyped	-
market-census	ts/src/pro/dydx.ts	watchOrderBook	market	market	1	typed:java.util.Map<String, Object>	-	-	retyped	-
market-census	ts/src/pro/dydx.ts	unWatchOrderBook	market	market	1	typed:java.util.Map<String, Object>	-	-	retyped	-
market-census	ts/src/pro/dydx.ts	handleOrderBook	market	safeMarket	1	typed:java.util.Map<String, Object>	-	-	retyped	-
market-census	ts/src/pro/dydx.ts	watchOHLCV	market	market	1	typed:java.util.Map<String, Object>	-	-	retyped	-
market-census	ts/src/pro/dydx.ts	unWatchOHLCV	market	market	1	typed:java.util.Map<String, Object>	-	-	retyped	-
market-census	ts/src/pro/dydx.ts	handleOHLCV	market	safeMarket	1	typed:java.util.Map<String, Object>	-	-	retyped	-
market-census	ts/src/pro/derive.ts	handleOrderBook	market	safeMarket	1	typed:java.util.Map<String, Object>	-	-	retyped	-
market-census	ts/src/pro/derive.ts	watchTicker	market	market	1	typed:java.util.Map<String, Object>	-	-	retyped	-
market-census	ts/src/pro/derive.ts	handleTicker	market	safeMarket	1	typed:java.util.Map<String, Object>	-	-	retyped	-
market-census	ts/src/pro/derive.ts	unWatchOrderBook	market	market	1	typed:java.util.Map<String, Object>	-	-	retyped	-
market-census	ts/src/pro/derive.ts	unWatchTrades	market	market	1	typed:java.util.Map<String, Object>	-	-	retyped	-
market-census	ts/src/pro/derive.ts	handleOrderBookUnSubscription	market	safeMarket	1	typed:java.util.Map<String, Object>	-	-	retyped	-
market-census	ts/src/pro/derive.ts	handleTradesUnSubscription	market	safeMarket	1	typed:java.util.Map<String, Object>	-	-	retyped	-
market-census	ts/src/pro/derive.ts	watchTrades	market	market	1	typed:java.util.Map<String, Object>	-	-	retyped	-
market-census	ts/src/pro/derive.ts	handleTrade	market	safeMarket	1	typed:java.util.Map<String, Object>	-	-	retyped	-
market-census	ts/src/pro/derive.ts	handleTrade	trade	parseTrade	1	none	no-table-entry	-	Object	sim-ok
market-census	ts/src/pro/derive.ts	watchOrders	market	market	1	typed:java.util.Map<String, Object>	-	-	retyped	-
market-census	ts/src/pro/derive.ts	handleOrder	parsed	parseOrder	1	none	no-table-entry	-	Object	sim-unsafe:as-cast [parsed as Dict]
market-census	ts/src/pro/derive.ts	watchMyTrades	market	market	1	typed:java.util.Map<String, Object>	-	-	retyped	-
market-census	ts/src/pro/derive.ts	handleMyTrade	trade	parseTrade	1	none	no-table-entry	-	Object	sim-ok
market-census	ts/src/pro/extended.ts	watchOrderBook	market	market	1	typed:java.util.Map<String, Object>	-	-	retyped	-
market-census	ts/src/pro/gate.ts	createOrderWs	market	market	1	typed:java.util.Map<String, Object>	-	-	retyped	-
market-census	ts/src/pro/extended.ts	handleOrderBook	market	safeMarket	1	typed:java.util.Map<String, Object>	-	-	retyped	-
market-census	ts/src/pro/extended.ts	watchOrders	market	market	1	typed:java.util.Map<String, Object>	-	-	retyped	-
market-census	ts/src/pro/extended.ts	watchMyTrades	market	market	1	typed:java.util.Map<String, Object>	-	-	retyped	-
market-census	ts/src/pro/extended.ts	handleMyTrades	trade	parseTrade	1	none	no-table-entry	-	Object	sim-ok
market-census	ts/src/pro/extended.ts	handleOrders	order	parseOrder	1	none	no-table-entry	-	Object	sim-ok
market-census	ts/src/pro/extended.ts	watchFundingRate	market	market	1	typed:java.util.Map<String, Object>	-	-	retyped	-
market-census	ts/src/pro/extended.ts	watchMarkPrice	market	market	1	typed:java.util.Map<String, Object>	-	-	retyped	-
market-census	ts/src/pro/extended.ts	handleMarkPrice	market	safeMarket	1	typed:java.util.Map<String, Object>	-	-	retyped	-
market-census	ts/src/pro/extended.ts	handleMarkPrice	ticker	safeTicker	2	none	no-table-entry	-	Object	sim-ok
market-census	ts/src/pro/extended.ts	watchTrades	market	market	1	typed:java.util.Map<String, Object>	-	-	retyped	-
market-census	ts/src/pro/extended.ts	handleTrades	market	safeMarket	1	typed:java.util.Map<String, Object>	-	-	retyped	-
market-census	ts/src/pro/extended.ts	handleTrades	trade	parseTrade	2	none	no-table-entry	-	Object	sim-ok
market-census	ts/src/pro/extended.ts	watchOHLCV	market	market	1	typed:java.util.Map<String, Object>	-	-	retyped	-
market-census	ts/src/pro/gemini.ts	watchTrades	market	market	1	typed:java.util.Map<String, Object>	-	-	retyped	-
market-census	ts/src/pro/gate.ts	createOrderWs	order	parseOrder	2	none	no-table-entry	-	Object	sim-ok
market-census	ts/src/pro/gate.ts	createOrdersWs	market	market	1	typed:java.util.Map<String, Object>	-	-	retyped	-
market-census	ts/src/pro/gate.ts	editOrderWs	market	market	1	typed:java.util.Map<String, Object>	-	-	retyped	-
market-census	ts/src/pro/gate.ts	fetchOrdersByStatusWs	orders	parseOrders	2	typed:java.util.List<Object>	-	java.util.List<Object>	retyped	-
market-census	ts/src/pro/gate.ts	watchOrderBook	market	market	1	typed:java.util.Map<String, Object>	-	-	retyped	-
market-census	ts/src/pro/gate.ts	unWatchOrderBook	market	market	1	typed:java.util.Map<String, Object>	-	-	retyped	-
market-census	ts/src/pro/gate.ts	watchTicker	market	market	1	typed:java.util.Map<String, Object>	-	-	retyped	-
market-census	ts/src/pro/gate.ts	subscribeWatchTickersAndBidsAsks	market	market	1	typed:java.util.Map<String, Object>	-	-	retyped	-
market-census	ts/src/pro/gate.ts	handleTickerAndBidAsk	market	safeMarket	4	typed:java.util.Map<String, Object>	-	-	retyped	-
market-census	ts/src/pro/gate.ts	handleTickerAndBidAsk	parsedItem	parseTicker	2	none	no-table-entry	-	Object	sim-ok
market-census	ts/src/pro/gate.ts	watchTradesForSymbols	market	market	1	typed:java.util.Map<String, Object>	-	-	retyped	-
market-census	ts/src/pro/gate.ts	unWatchTradesForSymbols	market	market	1	typed:java.util.Map<String, Object>	-	-	retyped	-
market-census	ts/src/pro/gate.ts	handleTrades	parsedTrades	parseTrades	1	typed:java.util.List<Object>	-	java.util.List<Object>	retyped	-
market-census	ts/src/pro/gate.ts	watchOHLCV	market	market	1	typed:java.util.Map<String, Object>	-	-	retyped	-
market-census	ts/src/pro/gate.ts	handleMyTrades	parsed	parseTrades	1	typed:java.util.List<Object>	-	java.util.List<Object>	retyped	-
market-census	ts/src/pro/gate.ts	watchOrders	marketResolved	market	1	typed:java.util.Map<String, Object>	-	-	retyped	-
market-census	ts/src/pro/gate.ts	handleOrder	parsedOrders	parseOrders	1	typed:java.util.List<Object>	-	java.util.List<Object>	retyped	-
market-census	ts/src/pro/gate.ts	handleOrder	market	market	1	typed:java.util.Map<String, Object>	-	-	retyped	-
market-census	ts/src/pro/grvt.ts	watchTickers	market	market	1	typed:java.util.Map<String, Object>	-	-	retyped	-
market-census	ts/src/pro/gemini.ts	handleTrades	market	safeMarket	1	typed:java.util.Map<String, Object>	-	-	retyped	-
market-census	ts/src/pro/gemini.ts	handleTradesForMultidata	market	safeMarket	1	typed:java.util.Map<String, Object>	-	-	retyped	-
market-census	ts/src/pro/gemini.ts	watchOHLCV	market	market	1	typed:java.util.Map<String, Object>	-	-	retyped	-
market-census	ts/src/pro/gemini.ts	handleOHLCV	market	safeMarket	1	typed:java.util.Map<String, Object>	-	-	retyped	-
market-census	ts/src/pro/gemini.ts	watchOrderBook	market	market	1	typed:java.util.Map<String, Object>	-	-	retyped	-
market-census	ts/src/pro/gemini.ts	handleOrderBook	market	safeMarket	1	typed:java.util.Map<String, Object>	-	-	retyped	-
market-census	ts/src/pro/gemini.ts	handleBidsAsksForMultidata	market	safeMarket	1	typed:java.util.Map<String, Object>	-	-	retyped	-
market-census	ts/src/pro/gemini.ts	helperForWatchMultipleConstruct	firstMarket	market	1	typed:java.util.Map<String, Object>	-	-	retyped	-
market-census	ts/src/pro/gemini.ts	helperForWatchMultipleConstruct	market	market	1	typed:java.util.Map<String, Object>	-	-	retyped	-
market-census	ts/src/pro/gemini.ts	handleOrderBookForMultidata	market	safeMarket	1	typed:java.util.Map<String, Object>	-	-	retyped	-
market-census	ts/src/pro/gemini.ts	watchOrders	market	market	1	typed:java.util.Map<String, Object>	-	-	retyped	-
market-census	ts/src/pro/grvt.ts	handleTicker	market	safeMarket	1	typed:java.util.Map<String, Object>	-	-	retyped	-
market-census	ts/src/pro/grvt.ts	watchTradesForSymbols	market	market	1	typed:java.util.Map<String, Object>	-	-	retyped	-
market-census	ts/src/pro/grvt.ts	handleTrades	market	safeMarket	1	typed:java.util.Map<String, Object>	-	-	retyped	-
market-census	ts/src/pro/grvt.ts	watchOHLCVForSymbols	market	market	1	typed:java.util.Map<String, Object>	-	-	retyped	-
market-census	ts/src/pro/grvt.ts	handleOHLCV	market	safeMarket	1	typed:java.util.Map<String, Object>	-	-	retyped	-
market-census	ts/src/pro/grvt.ts	watchOrderBookForSymbols	market	market	1	typed:java.util.Map<String, Object>	-	-	retyped	-
market-census	ts/src/pro/grvt.ts	handleOrderBook	market	safeMarket	1	typed:java.util.Map<String, Object>	-	-	retyped	-
market-census	ts/src/pro/grvt.ts	watchMyTrades	market	market	1	typed:java.util.Map<String, Object>	-	-	retyped	-
market-census	ts/src/pro/grvt.ts	watchPositions	market	market	1	typed:java.util.Map<String, Object>	-	-	retyped	-
market-census	ts/src/pro/grvt.ts	watchOrders	market	market	1	typed:java.util.Map<String, Object>	-	-	retyped	-
market-census	ts/src/pro/hashkey.ts	watchOHLCV	market	market	1	none	unsafe-use:pro-inherited-async [market]	-	Object	-
market-census	ts/src/pro/hitbtc.ts	watchOrderBook	market	market	1	typed:java.util.Map<String, Object>	-	-	retyped	-
market-census	ts/src/pro/hashkey.ts	handleOHLCV	market	safeMarket	1	typed:java.util.Map<String, Object>	-	-	retyped	-
market-census	ts/src/pro/hashkey.ts	watchTicker	market	market	1	none	unsafe-use:pro-inherited-async [market]	-	Object	-
market-census	ts/src/pro/hashkey.ts	handleTicker	ticker	parseTicker	1	none	no-table-entry	-	Object	sim-ok
market-census	ts/src/pro/hashkey.ts	watchTrades	market	market	1	none	unsafe-use:pro-inherited-async [market]	-	Object	-
market-census	ts/src/pro/hashkey.ts	handleTrades	market	safeMarket	1	typed:java.util.Map<String, Object>	-	-	retyped	-
market-census	ts/src/pro/hashkey.ts	watchOrderBook	market	market	1	none	unsafe-use:pro-inherited-async [market]	-	Object	-
market-census	ts/src/pro/hollaex.ts	watchOrderBook	market	market	1	typed:java.util.Map<String, Object>	-	-	retyped	-
market-census	ts/src/pro/hitbtc.ts	handleOrderBook	market	safeMarket	1	typed:java.util.Map<String, Object>	-	-	retyped	-
market-census	ts/src/pro/hitbtc.ts	handleTicker	market	safeMarket	1	typed:java.util.Map<String, Object>	-	-	retyped	-
market-census	ts/src/pro/hitbtc.ts	handleBidAsk	market	safeMarket	1	typed:java.util.Map<String, Object>	-	-	retyped	-
market-census	ts/src/pro/hitbtc.ts	watchTrades	market	market	1	typed:java.util.Map<String, Object>	-	-	retyped	-
market-census	ts/src/pro/hitbtc.ts	handleTrades	market	safeMarket	1	typed:java.util.Map<String, Object>	-	-	retyped	-
market-census	ts/src/pro/hitbtc.ts	watchOHLCV	market	market	1	typed:java.util.Map<String, Object>	-	-	retyped	-
market-census	ts/src/pro/hitbtc.ts	handleOHLCV	market	safeMarket	1	typed:java.util.Map<String, Object>	-	-	retyped	-
market-census	ts/src/pro/hitbtc.ts	handleOrderHelper	parsed	parseOrder	1	none	no-table-entry	-	Object	sim-ok
market-census	ts/src/pro/hitbtc.ts	createOrderWs	market	market	1	typed:java.util.Map<String, Object>	-	-	retyped	-
market-census	ts/src/pro/hollaex.ts	handleOrderBook	market	safeMarket	1	typed:java.util.Map<String, Object>	-	-	retyped	-
market-census	ts/src/pro/hollaex.ts	watchTrades	market	market	1	typed:java.util.Map<String, Object>	-	-	retyped	-
market-census	ts/src/pro/hollaex.ts	handleTrades	market	safeMarket	1	typed:java.util.Map<String, Object>	-	-	retyped	-
market-census	ts/src/pro/hollaex.ts	handleTrades	parsedTrades	parseTrades	2	typed:java.util.List<Object>	-	java.util.List<Object>	retyped	-
market-census	ts/src/pro/hollaex.ts	handleMyTrades	parsed	parseTrade	1	none	no-table-entry	-	Object	sim-ok
market-census	ts/src/pro/hollaex.ts	handleMyTrades	market	market	1	typed:java.util.Map<String, Object>	-	-	retyped	-
market-census	ts/src/pro/hollaex.ts	handleOrder	parsed	parseOrder	1	none	no-table-entry	-	Object	sim-ok
market-census	ts/src/pro/hollaex.ts	handleOrder	market	market	1	typed:java.util.Map<String, Object>	-	-	retyped	-
market-census	ts/src/pro/hyperliquid.ts	editOrderWs	market	market	1	typed:java.util.Map<String, Object>	-	-	retyped	-
market-census	ts/src/pro/htx.ts	watchTicker	market	market	1	typed:java.util.Map<String, Object>	-	-	retyped	-
market-census	ts/src/pro/hyperliquid.ts	editOrderWs	parsedOrder	parseOrder	2	none	no-table-entry	-	Object	sim-ok
market-census	ts/src/pro/hyperliquid.ts	watchOrderBook	market	market	1	none	unsafe-use:as-cast [market as Dict]	-	Object	-
market-census	ts/src/pro/hyperliquid.ts	unWatchOrderBook	market	market	1	none	unsafe-use:as-cast [market as Dict]	-	Object	-
market-census	ts/src/pro/hyperliquid.ts	handleOrderBook	market	market	1	typed:java.util.Map<String, Object>	-	-	retyped	-
market-census	ts/src/pro/hyperliquid.ts	watchTicker	market	market	1	none	unsafe-use:as-cast [market as Dict]	-	Object	-
market-census	ts/src/pro/hyperliquid.ts	unWatchTicker	market	market	1	none	unsafe-use:as-cast [market as Dict]	-	Object	-
market-census	ts/src/pro/hyperliquid.ts	watchTickers	market	market	1	typed:java.util.Map<String, Object>	-	-	retyped	-
market-census	ts/src/pro/hyperliquid.ts	handleWsTickers	market	safeMarket	4	typed:java.util.Map<String, Object>	-	-	retyped	-
market-census	ts/src/pro/hyperliquid.ts	handleActiveAssetCtx	market	safeMarket	1	typed:java.util.Map<String, Object>	-	-	retyped	-
market-census	ts/src/pro/hyperliquid.ts	watchTrades	market	market	1	none	unsafe-use:as-cast [market as Dict]	-	Object	-
market-census	ts/src/pro/hyperliquid.ts	unWatchTrades	market	market	1	none	unsafe-use:as-cast [market as Dict]	-	Object	-
market-census	ts/src/pro/hyperliquid.ts	handleTrades	market	market	1	typed:java.util.Map<String, Object>	-	-	retyped	-
market-census	ts/src/pro/hyperliquid.ts	watchOHLCV	market	market	1	none	unsafe-use:as-cast [market as Dict]	-	Object	-
market-census	ts/src/pro/hyperliquid.ts	unWatchOHLCV	market	market	1	none	unsafe-use:as-cast [market as Dict]	-	Object	-
market-census	ts/src/pro/hyperliquid.ts	handleOrder	order	parseOrder	1	none	no-table-entry	-	Object	sim-ok
market-census	ts/src/pro/independentreserve.ts	watchTrades	market	market	1	typed:java.util.Map<String, Object>	-	-	retyped	-
market-census	ts/src/pro/independentreserve.ts	watchOrderBook	market	market	1	typed:java.util.Map<String, Object>	-	-	retyped	-
market-census	ts/src/pro/kraken.ts	createOrderWs	market	market	1	typed:java.util.Map<String, Object>	-	-	retyped	-
market-census	ts/src/pro/htx.ts	unWatchTicker	market	market	1	none	unsafe-use:pro-inherited-async [market]	-	Object	-
market-census	ts/src/pro/htx.ts	handleTicker	market	safeMarket	1	typed:java.util.Map<String, Object>	-	-	retyped	-
market-census	ts/src/pro/htx.ts	handleTicker	ticker	parseTicker	2	none	no-table-entry	-	Object	sim-ok
market-census	ts/src/pro/htx.ts	watchTrades	market	market	1	typed:java.util.Map<String, Object>	-	-	retyped	-
market-census	ts/src/pro/htx.ts	unWatchTrades	market	market	1	none	unsafe-use:pro-inherited-async [market]	-	Object	-
market-census	ts/src/pro/htx.ts	handleTrades	market	safeMarket	1	typed:java.util.Map<String, Object>	-	-	retyped	-
market-census	ts/src/pro/htx.ts	handleTrades	trade	parseTrade	2	none	no-table-entry	-	Object	sim-ok
market-census	ts/src/pro/htx.ts	watchOHLCV	market	market	1	typed:java.util.Map<String, Object>	-	-	retyped	-
market-census	ts/src/pro/htx.ts	unWatchOHLCV	market	market	1	none	unsafe-use:pro-inherited-async [market]	-	Object	-
market-census	ts/src/pro/htx.ts	handleOHLCV	market	safeMarket	1	typed:java.util.Map<String, Object>	-	-	retyped	-
market-census	ts/src/pro/htx.ts	watchOrderBook	market	market	1	typed:java.util.Map<String, Object>	-	-	retyped	-
market-census	ts/src/pro/htx.ts	unWatchOrderBook	market	market	1	none	unsafe-use:pro-inherited-async [market]	-	Object	-
market-census	ts/src/pro/htx.ts	watchOrderBookSnapshot	market	market	1	typed:java.util.Map<String, Object>	-	-	retyped	-
market-census	ts/src/pro/htx.ts	handleOrderBookMessage	market	safeMarket	1	typed:java.util.Map<String, Object>	-	-	retyped	-
market-census	ts/src/pro/htx.ts	handleOrderBookSubscription	market	market	1	typed:java.util.Map<String, Object>	-	-	retyped	-
market-census	ts/src/pro/htx.ts	handleOrder	market	safeMarket	1	typed:java.util.Map<String, Object>	-	-	retyped	-
market-census	ts/src/pro/htx.ts	parseOrderTrade	marketResolved	safeMarket	2	typed:java.util.Map<String, Object>	-	-	retyped	-
market-census	ts/src/pro/htx.ts	handleMyTrade	market	market	1	typed:java.util.Map<String, Object>	-	-	retyped	-
market-census	ts/src/pro/htx.ts	handleMyTrade	parsedTrade	parseTrade	2	none	no-table-entry	-	Object	sim-unsafe:write [parsedTrade = this.extend (parsedTrade, extendParams)]
market-census	ts/src/pro/kraken.ts	handleCreateEditOrder	order	parseOrder	1	none	no-table-entry	-	Object	sim-ok
market-census	ts/src/pro/kraken.ts	handleTicker	result	safeTicker	1	none	no-table-entry	-	Object	sim-ok
market-census	ts/src/pro/kraken.ts	handleTrades	market	market	1	typed:java.util.Map<String, Object>	-	-	retyped	-
market-census	ts/src/pro/kraken.ts	handleTrades	parsed	parseTrades	2	typed:java.util.List<Object>	-	java.util.List<Object>	retyped	-
market-census	ts/src/pro/kraken.ts	watchOHLCV	market	market	1	typed:java.util.Map<String, Object>	-	-	retyped	-
market-census	ts/src/pro/kraken.ts	loadMarkets	market	market	1	typed:java.util.Map<String, Object>	-	-	retyped	-
market-census	ts/src/pro/krakenfutures.ts	subscribePublic	market	market	1	typed:java.util.Map<String, Object>	-	-	retyped	-
market-census	ts/src/pro/krakenfutures.ts	watchOrders	market	market	1	typed:java.util.Map<String, Object>	-	-	retyped	-
market-census	ts/src/pro/krakenfutures.ts	watchMyTrades	market	market	1	typed:java.util.Map<String, Object>	-	-	retyped	-
market-census	ts/src/pro/krakenfutures.ts	handleTrade	market	market	1	typed:java.util.Map<String, Object>	-	-	retyped	-
market-census	ts/src/pro/krakenfutures.ts	parseWsTicker	marketResolved	safeMarket	2	typed:java.util.Map<String, Object>	-	-	retyped	-
market-census	ts/src/pro/krakenfutures.ts	handleOrderBookSnapshot	market	safeMarket	1	typed:java.util.Map<String, Object>	-	-	retyped	-
market-census	ts/src/pro/krakenfutures.ts	handleOrderBook	market	safeMarket	1	typed:java.util.Map<String, Object>	-	-	retyped	-
market-census	ts/src/pro/krakenfutures.ts	watchMultiHelper	market	market	1	typed:java.util.Map<String, Object>	-	-	retyped	-
market-census	ts/src/pro/kucoin.ts	subscribePublicUta	market	market	1	typed:java.util.Map<String, Object>	-	-	retyped	-
market-census	ts/src/pro/kucoinfutures.ts	transfer	currency	currency	1	typed:java.util.Map<String, Object>	-	-	retyped	-
market-census	ts/src/pro/lbank.ts	fetchOHLCVWs	market	market	1	typed:java.util.Map<String, Object>	-	-	retyped	-
market-census	ts/src/pro/lbank.ts	watchOHLCV	market	market	1	typed:java.util.Map<String, Object>	-	-	retyped	-
market-census	ts/src/pro/lbank.ts	fetchTickerWs	market	market	1	typed:java.util.Map<String, Object>	-	-	retyped	-
market-census	ts/src/pro/lbank.ts	watchTicker	market	market	1	typed:java.util.Map<String, Object>	-	-	retyped	-
market-census	ts/src/pro/lbank.ts	handleTicker	market	safeMarket	1	typed:java.util.Map<String, Object>	-	-	retyped	-
market-census	ts/src/pro/lbank.ts	fetchTradesWs	market	market	1	typed:java.util.Map<String, Object>	-	-	retyped	-
market-census	ts/src/pro/lbank.ts	watchTrades	market	market	1	typed:java.util.Map<String, Object>	-	-	retyped	-
market-census	ts/src/pro/lbank.ts	handleTrades	market	safeMarket	1	typed:java.util.Map<String, Object>	-	-	retyped	-
market-census	ts/src/pro/lbank.ts	watchOrders	market	market	1	typed:java.util.Map<String, Object>	-	-	retyped	-
market-census	ts/src/pro/lbank.ts	fetchOrderBookWs	market	market	1	typed:java.util.Map<String, Object>	-	-	retyped	-
market-census	ts/src/pro/lbank.ts	watchOrderBook	market	market	1	typed:java.util.Map<String, Object>	-	-	retyped	-
market-census	ts/src/pro/lighter.ts	handleOrderBook	market	safeMarket	1	typed:java.util.Map<String, Object>	-	-	retyped	-
market-census	ts/src/pro/kucoin.ts	subscribePrivateUta	market	market	1	typed:java.util.Map<String, Object>	-	-	retyped	-
market-census	ts/src/pro/kucoin.ts	watchTicker	market	market	1	typed:java.util.Map<String, Object>	-	-	retyped	-
market-census	ts/src/pro/kucoin.ts	unWatchTicker	market	market	1	typed:java.util.Map<String, Object>	-	-	retyped	-
market-census	ts/src/pro/kucoin.ts	watchTickers	market	market	1	typed:java.util.Map<String, Object>	-	-	retyped	-
market-census	ts/src/pro/kucoin.ts	watchUtaTickers	market	market	1	typed:java.util.Map<String, Object>	-	-	retyped	-
market-census	ts/src/pro/kucoin.ts	handleContractTicker	market	safeMarket	3	typed:java.util.Map<String, Object>	-	-	retyped	-
market-census	ts/src/pro/kucoin.ts	handleContractTicker	ticker	parseTicker	2	none	no-table-entry	-	Object	sim-ok
market-census	ts/src/pro/kucoin.ts	handleUtaTicker	market	safeMarket	1	typed:java.util.Map<String, Object>	-	-	retyped	-
market-census	ts/src/pro/kucoin.ts	watchMultiHelper	market	market	1	typed:java.util.Map<String, Object>	-	-	retyped	-
market-census	ts/src/pro/kucoin.ts	watchOHLCV	market	market	1	typed:java.util.Map<String, Object>	-	-	retyped	-
market-census	ts/src/pro/kucoin.ts	unWatchOHLCV	market	market	1	typed:java.util.Map<String, Object>	-	-	retyped	-
market-census	ts/src/pro/kucoin.ts	handleOHLCV	market	safeMarket	1	typed:java.util.Map<String, Object>	-	-	retyped	-
market-census	ts/src/pro/kucoin.ts	handleUtaOHLCV	market	safeMarket	1	typed:java.util.Map<String, Object>	-	-	retyped	-
market-census	ts/src/pro/kucoin.ts	watchTrades	market	market	1	typed:java.util.Map<String, Object>	-	-	retyped	-
market-census	ts/src/pro/kucoin.ts	unWatchTrades	market	market	1	typed:java.util.Map<String, Object>	-	-	retyped	-
market-census	ts/src/pro/kucoin.ts	handleTrade	market	safeMarket	1	typed:java.util.Map<String, Object>	-	-	retyped	-
market-census	ts/src/pro/kucoin.ts	handleTrade	trade	parseTrade	2	none	no-table-entry	-	Object	sim-ok
market-census	ts/src/pro/kucoin.ts	handleUtaTrade	market	safeMarket	1	typed:java.util.Map<String, Object>	-	-	retyped	-
market-census	ts/src/pro/kucoin.ts	watchOrderBook	market	market	1	typed:java.util.Map<String, Object>	-	-	retyped	-
market-census	ts/src/pro/kucoin.ts	unWatchOrderBook	market	market	1	typed:java.util.Map<String, Object>	-	-	retyped	-
market-census	ts/src/pro/kucoin.ts	handleUtaOrderBook	market	safeMarket	1	typed:java.util.Map<String, Object>	-	-	retyped	-
market-census	ts/src/pro/kucoin.ts	handleUtaMyTrade	market	safeMarket	1	typed:java.util.Map<String, Object>	-	-	retyped	-
market-census	ts/src/pro/kucoin.ts	watchPosition	market	market	1	typed:java.util.Map<String, Object>	-	-	retyped	-
market-census	ts/src/pro/luno.ts	watchTrades	market	market	1	typed:java.util.Map<String, Object>	-	-	retyped	-
market-census	ts/src/pro/luno.ts	handleTrades	market	market	1	typed:java.util.Map<String, Object>	-	-	retyped	-
market-census	ts/src/pro/luno.ts	handleTrades	trade	parseTrade	2	none	no-table-entry	-	Object	sim-ok
market-census	ts/src/pro/luno.ts	watchOrderBook	market	market	1	typed:java.util.Map<String, Object>	-	-	retyped	-
market-census	ts/src/pro/lighter.ts	watchOrderBook	market	market	1	typed:java.util.Map<String, Object>	-	-	retyped	-
market-census	ts/src/pro/lighter.ts	unWatchOrderBook	market	market	1	typed:java.util.Map<String, Object>	-	-	retyped	-
market-census	ts/src/pro/lighter.ts	handleTicker	market	safeMarket	1	typed:java.util.Map<String, Object>	-	-	retyped	-
market-census	ts/src/pro/lighter.ts	handleTicker	ticker	parseTicker	2	none	no-table-entry	-	Object	sim-ok
market-census	ts/src/pro/lighter.ts	handleTicker	market	safeMarket	1	typed:java.util.Map<String, Object>	-	-	retyped	-
market-census	ts/src/pro/lighter.ts	handleTicker	ticker	parseTicker	2	none	no-table-entry	-	Object	sim-ok
market-census	ts/src/pro/lighter.ts	watchTicker	market	market	1	typed:java.util.Map<String, Object>	-	-	retyped	-
market-census	ts/src/pro/lighter.ts	unWatchTicker	market	market	1	typed:java.util.Map<String, Object>	-	-	retyped	-
market-census	ts/src/pro/lighter.ts	handleTrades	market	safeMarket	1	typed:java.util.Map<String, Object>	-	-	retyped	-
market-census	ts/src/pro/lighter.ts	watchTrades	market	market	1	typed:java.util.Map<String, Object>	-	-	retyped	-
market-census	ts/src/pro/lighter.ts	unWatchTrades	market	market	1	typed:java.util.Map<String, Object>	-	-	retyped	-
market-census	ts/src/pro/lighter.ts	handleMyTrades	market	safeMarket	1	typed:java.util.Map<String, Object>	-	-	retyped	-
market-census	ts/src/pro/lighter.ts	watchMyTrades	market	market	1	typed:java.util.Map<String, Object>	-	-	retyped	-
market-census	ts/src/pro/lighter.ts	unWatchMyTrades	market	market	1	typed:java.util.Map<String, Object>	-	-	retyped	-
market-census	ts/src/pro/lighter.ts	handleLiquidation	market	safeMarket	1	typed:java.util.Map<String, Object>	-	-	retyped	-
market-census	ts/src/pro/lighter.ts	watchLiquidations	market	market	1	typed:java.util.Map<String, Object>	-	-	retyped	-
market-census	ts/src/pro/lighter.ts	watchOrders	market	market	1	typed:java.util.Map<String, Object>	-	-	retyped	-
market-census	ts/src/pro/lighter.ts	unWatchOrders	market	market	1	typed:java.util.Map<String, Object>	-	-	retyped	-
market-census	ts/src/pro/lighter.ts	handleOrders	market	safeMarket	1	typed:java.util.Map<String, Object>	-	-	retyped	-
market-census	ts/src/pro/lighter.ts	handleOrders	order	parseOrder	2	none	no-table-entry	-	Object	sim-ok
market-census	ts/src/pro/modetrade.ts	watchOrderBook	market	market	1	typed:java.util.Map<String, Object>	-	-	retyped	-
market-census	ts/src/pro/mexc.ts	watchTicker	market	market	1	typed:java.util.Map<String, Object>	-	-	retyped	-
market-census	ts/src/pro/modetrade.ts	handleOrderBook	market	safeMarket	1	typed:java.util.Map<String, Object>	-	-	retyped	-
market-census	ts/src/pro/modetrade.ts	watchTicker	market	market	1	typed:java.util.Map<String, Object>	-	-	retyped	-
market-census	ts/src/pro/modetrade.ts	handleTicker	market	safeMarket	1	typed:java.util.Map<String, Object>	-	-	retyped	-
market-census	ts/src/pro/modetrade.ts	handleTickers	market	safeMarket	1	typed:java.util.Map<String, Object>	-	-	retyped	-
market-census	ts/src/pro/modetrade.ts	watchOHLCV	market	market	1	typed:java.util.Map<String, Object>	-	-	retyped	-
market-census	ts/src/pro/modetrade.ts	handleOHLCV	market	safeMarket	1	typed:java.util.Map<String, Object>	-	-	retyped	-
market-census	ts/src/pro/modetrade.ts	watchTrades	market	market	1	typed:java.util.Map<String, Object>	-	-	retyped	-
market-census	ts/src/pro/modetrade.ts	handleTrade	market	safeMarket	1	typed:java.util.Map<String, Object>	-	-	retyped	-
market-census	ts/src/pro/modetrade.ts	watchOrders	market	market	1	typed:java.util.Map<String, Object>	-	-	retyped	-
market-census	ts/src/pro/modetrade.ts	watchMyTrades	market	market	1	typed:java.util.Map<String, Object>	-	-	retyped	-
market-census	ts/src/pro/modetrade.ts	handleMyTrade	market	safeMarket	1	typed:java.util.Map<String, Object>	-	-	retyped	-
market-census	ts/src/pro/modetrade.ts	handlePositions	market	safeMarket	1	typed:java.util.Map<String, Object>	-	-	retyped	-
market-census	ts/src/pro/mudrex.ts	watchTicker	market	market	1	typed:java.util.Map<String, Object>	-	-	retyped	-
market-census	ts/src/pro/mudrex.ts	watchTickers	market	market	1	typed:java.util.Map<String, Object>	-	-	retyped	-
market-census	ts/src/pro/mudrex.ts	watchOHLCV	market	market	1	typed:java.util.Map<String, Object>	-	-	retyped	-
market-census	ts/src/pro/mudrex.ts	handleOHLCV	market	safeMarket	1	typed:java.util.Map<String, Object>	-	-	retyped	-
market-census	ts/src/pro/mudrex.ts	handleTicker	market	safeMarket	1	typed:java.util.Map<String, Object>	-	-	retyped	-
market-census	ts/src/pro/mudrex.ts	handleTicker	result	safeTicker	1	none	no-table-entry	-	Object	sim-ok
market-census	ts/src/pro/mexc.ts	handleTicker	market	safeMarket	1	typed:java.util.Map<String, Object>	-	-	retyped	-
market-census	ts/src/pro/mexc.ts	handleTickers	market	safeMarket	1	typed:java.util.Map<String, Object>	-	-	retyped	-
market-census	ts/src/pro/mexc.ts	watchBidsAsks	market	market	1	typed:java.util.Map<String, Object>	-	-	retyped	-
market-census	ts/src/pro/mexc.ts	watchOHLCV	market	market	1	typed:java.util.Map<String, Object>	-	-	retyped	-
market-census	ts/src/pro/mexc.ts	handleOHLCV	market	safeMarket	1	typed:java.util.Map<String, Object>	-	-	retyped	-
market-census	ts/src/pro/mexc.ts	watchOrderBook	market	market	1	typed:java.util.Map<String, Object>	-	-	retyped	-
market-census	ts/src/pro/mexc.ts	watchTrades	market	market	1	typed:java.util.Map<String, Object>	-	-	retyped	-
market-census	ts/src/pro/mexc.ts	handleTrades	market	safeMarket	1	typed:java.util.Map<String, Object>	-	-	retyped	-
market-census	ts/src/pro/mexc.ts	handleMyTrade	market	safeMarket	1	typed:java.util.Map<String, Object>	-	-	retyped	-
market-census	ts/src/pro/mexc.ts	handleOrder	market	safeMarket	1	typed:java.util.Map<String, Object>	-	-	retyped	-
market-census	ts/src/pro/mexc.ts	watchFundingRate	market	market	1	typed:java.util.Map<String, Object>	-	-	retyped	-
market-census	ts/src/pro/mexc.ts	unWatchFundingRate	market	market	1	typed:java.util.Map<String, Object>	-	-	retyped	-
market-census	ts/src/pro/mexc.ts	unWatchTicker	market	market	1	typed:java.util.Map<String, Object>	-	-	retyped	-
market-census	ts/src/pro/mexc.ts	unWatchBidsAsks	market	market	1	typed:java.util.Map<String, Object>	-	-	retyped	-
market-census	ts/src/pro/mexc.ts	unWatchOHLCV	market	market	1	typed:java.util.Map<String, Object>	-	-	retyped	-
market-census	ts/src/pro/mexc.ts	unWatchOrderBook	market	market	1	typed:java.util.Map<String, Object>	-	-	retyped	-
market-census	ts/src/pro/mexc.ts	unWatchTrades	market	market	1	typed:java.util.Map<String, Object>	-	-	retyped	-
market-census	ts/src/pro/ndax.ts	watchTicker	market	market	1	typed:java.util.Map<String, Object>	-	-	retyped	-
market-census	ts/src/pro/nado.ts	watchTrades	market	market	1	none	unsafe-use:pro-inherited-async [market]	-	Object	-
market-census	ts/src/pro/ndax.ts	handleTicker	ticker	parseTicker	1	none	no-table-entry	-	Object	sim-ok
market-census	ts/src/pro/ndax.ts	handleTicker	market	market	1	typed:java.util.Map<String, Object>	-	-	retyped	-
market-census	ts/src/pro/ndax.ts	watchTrades	market	market	1	typed:java.util.Map<String, Object>	-	-	retyped	-
market-census	ts/src/pro/ndax.ts	handleTrades	trade	parseTrade	1	none	no-table-entry	-	Object	sim-ok
market-census	ts/src/pro/ndax.ts	handleTrades	market	market	1	typed:java.util.Map<String, Object>	-	-	retyped	-
market-census	ts/src/pro/ndax.ts	watchOHLCV	market	market	1	typed:java.util.Map<String, Object>	-	-	retyped	-
market-census	ts/src/pro/ndax.ts	handleOHLCV	market	safeMarket	1	typed:java.util.Map<String, Object>	-	-	retyped	-
market-census	ts/src/pro/ndax.ts	handleOHLCV	market	safeMarket	1	typed:java.util.Map<String, Object>	-	-	retyped	-
market-census	ts/src/pro/ndax.ts	watchOrderBook	market	market	1	typed:java.util.Map<String, Object>	-	-	retyped	-
market-census	ts/src/pro/ndax.ts	handleOrderBook	market	safeMarket	1	typed:java.util.Map<String, Object>	-	-	retyped	-
market-census	ts/src/pro/okx.ts	subscribe	market	market	1	typed:java.util.Map<String, Object>	-	-	retyped	-
market-census	ts/src/pro/nado.ts	watchTradesForSymbols	market	market	1	typed:java.util.Map<String, Object>	-	-	retyped	-
market-census	ts/src/pro/nado.ts	unWatchTradesForSymbols	market	market	1	typed:java.util.Map<String, Object>	-	-	retyped	-
market-census	ts/src/pro/nado.ts	watchOrderBook	market	market	1	none	unsafe-use:pro-inherited-async [market]	-	Object	-
market-census	ts/src/pro/nado.ts	watchOrderBookForSymbols	market	market	1	typed:java.util.Map<String, Object>	-	-	retyped	-
market-census	ts/src/pro/nado.ts	unWatchOrderBookForSymbols	market	market	1	typed:java.util.Map<String, Object>	-	-	retyped	-
market-census	ts/src/pro/nado.ts	watchOHLCV	market	market	1	none	unsafe-use:pro-inherited-async [market]	-	Object	-
market-census	ts/src/pro/nado.ts	watchOHLCVForSymbols	market	market	1	typed:java.util.Map<String, Object>	-	-	retyped	-
market-census	ts/src/pro/nado.ts	unWatchOHLCVForSymbols	market	market	1	typed:java.util.Map<String, Object>	-	-	retyped	-
market-census	ts/src/pro/nado.ts	watchPositions	market	market	1	typed:java.util.Map<String, Object>	-	-	retyped	-
market-census	ts/src/pro/nado.ts	unWatchPositions	market	market	1	typed:java.util.Map<String, Object>	-	-	retyped	-
market-census	ts/src/pro/nado.ts	createOrderWs	market	market	1	typed:java.util.Map<String, Object>	-	-	retyped	-
market-census	ts/src/pro/nado.ts	editOrderWs	market	market	1	typed:java.util.Map<String, Object>	-	-	retyped	-
market-census	ts/src/pro/nado.ts	cancelOrdersWs	market	market	1	typed:java.util.Map<String, Object>	-	-	retyped	-
market-census	ts/src/pro/nado.ts	handleTrade	market	safeMarket	1	typed:java.util.Map<String, Object>	-	-	retyped	-
market-census	ts/src/pro/nado.ts	handleOHLCV	market	safeMarket	1	typed:java.util.Map<String, Object>	-	-	retyped	-
market-census	ts/src/pro/nado.ts	handlePosition	market	safeMarket	1	typed:java.util.Map<String, Object>	-	-	retyped	-
market-census	ts/src/pro/nado.ts	parseWsAllBidsAsks	market	safeMarket	1	typed:java.util.Map<String, Object>	-	-	retyped	-
market-census	ts/src/pro/nado.ts	parseWsAllBidsAsks	ticker	safeTicker	2	none	no-table-entry	-	Object	sim-ok
market-census	ts/src/pro/nado.ts	handleOrderBook	market	safeMarket	1	typed:java.util.Map<String, Object>	-	-	retyped	-
market-census	ts/src/pro/onetrading.ts	watchTicker	market	market	1	typed:java.util.Map<String, Object>	-	-	retyped	-
market-census	ts/src/pro/onetrading.ts	watchMyTrades	market	market	1	typed:java.util.Map<String, Object>	-	-	retyped	-
market-census	ts/src/pro/onetrading.ts	watchOrderBook	market	market	1	typed:java.util.Map<String, Object>	-	-	retyped	-
market-census	ts/src/pro/onetrading.ts	watchOrders	market	market	1	typed:java.util.Map<String, Object>	-	-	retyped	-
market-census	ts/src/pro/onetrading.ts	handleOrders	order	parseOrder	1	none	no-table-entry	-	Object	sim-ok
market-census	ts/src/pro/onetrading.ts	handleOrders	trade	parseTrade	1	none	no-table-entry	-	Object	sim-ok
market-census	ts/src/pro/onetrading.ts	handleAccountUpdate	parsed	parseOrder	1	none	no-table-entry	-	Object	sim-ok
market-census	ts/src/pro/onetrading.ts	handleAccountUpdate	parsed	parseTrade	1	none	no-table-entry	-	Object	sim-ok
market-census	ts/src/pro/onetrading.ts	watchOHLCV	market	market	1	typed:java.util.Map<String, Object>	-	-	retyped	-
market-census	ts/src/pro/okx.ts	handleTrades	trade	parseTrade	1	none	no-table-entry	-	Object	sim-ok
market-census	ts/src/pro/okx.ts	watchTicker	market	market	1	typed:java.util.Map<String, Object>	-	-	retyped	-
market-census	ts/src/pro/okx.ts	watchMarkPrice	market	market	1	typed:java.util.Map<String, Object>	-	-	retyped	-
market-census	ts/src/pro/okx.ts	handleTicker	market	safeMarket	3	typed:java.util.Map<String, Object>	-	-	retyped	-
market-census	ts/src/pro/okx.ts	handleTicker	ticker	parseTicker	1	none	no-table-entry	-	Object	sim-ok
market-census	ts/src/pro/okx.ts	handleOHLCV	market	safeMarket	1	typed:java.util.Map<String, Object>	-	-	retyped	-
market-census	ts/src/pro/okx.ts	handleOrderBook	market	safeMarket	1	typed:java.util.Map<String, Object>	-	-	retyped	-
market-census	ts/src/pro/okx.ts	handlePositions	market	safeMarket	3	typed:java.util.Map<String, Object>	-	-	retyped	-
market-census	ts/src/pro/okx.ts	handleOrders	parsed	parseOrders	1	typed:java.util.List<Object>	-	java.util.List<Object>	retyped	-
market-census	ts/src/pro/okx.ts	handleOrders	market	market	1	typed:java.util.Map<String, Object>	-	-	retyped	-
market-census	ts/src/pro/okx.ts	handleMyTrades	order	parseOrder	1	none	no-table-entry	-	Object	sim-ok
market-census	ts/src/pro/okx.ts	createOrderWs	market	market	1	typed:java.util.Map<String, Object>	-	-	retyped	-
market-census	ts/src/pro/okx.ts	handlePlaceOrders	orders	parseOrders	4	typed:java.util.List<Object>	-	java.util.List<Object>	retyped	-
market-census	ts/src/pro/okx.ts	editOrderWs	market	market	1	typed:java.util.Map<String, Object>	-	-	retyped	-
market-census	ts/src/pro/okx.ts	cancelOrderWs	market	market	1	typed:java.util.Map<String, Object>	-	-	retyped	-
market-census	ts/src/pro/okx.ts	cancelOrdersWs	market	market	1	typed:java.util.Map<String, Object>	-	-	retyped	-
market-census	ts/src/pro/okx.ts	cancelAllOrdersWs	market	market	1	typed:java.util.Map<String, Object>	-	-	retyped	-
market-census	ts/src/pro/p2b.ts	watchOHLCV	market	market	1	typed:java.util.Map<String, Object>	-	-	retyped	-
market-census	ts/src/pro/p2b.ts	watchTicker	market	market	1	typed:java.util.Map<String, Object>	-	-	retyped	-
market-census	ts/src/pro/p2b.ts	watchTickers	market	market	1	typed:java.util.Map<String, Object>	-	-	retyped	-
market-census	ts/src/pro/p2b.ts	watchOrderBook	market	market	1	typed:java.util.Map<String, Object>	-	-	retyped	-
market-census	ts/src/pro/p2b.ts	handleOHLCV	market	safeMarket	1	typed:java.util.Map<String, Object>	-	-	retyped	-
market-census	ts/src/pro/p2b.ts	handleTrade	market	safeMarket	1	typed:java.util.Map<String, Object>	-	-	retyped	-
market-census	ts/src/pro/p2b.ts	handleTrade	trade	parseTrade	2	none	no-table-entry	-	Object	sim-ok
market-census	ts/src/pro/p2b.ts	handleTicker	market	safeMarket	1	typed:java.util.Map<String, Object>	-	-	retyped	-
market-census	ts/src/pro/p2b.ts	handleOrderBook	market	safeMarket	1	typed:java.util.Map<String, Object>	-	-	retyped	-
market-census	ts/src/pro/pacifica.ts	editOrderWs	market	market	1	typed:java.util.Map<String, Object>	-	-	retyped	-
market-census	ts/src/pro/paradex.ts	watchTrades	market	market	1	typed:java.util.Map<String, Object>	-	-	retyped	-
market-census	ts/src/pro/paradex.ts	handleTrade	parsedTrade	parseTrade	1	none	no-table-entry	-	Object	sim-ok
market-census	ts/src/pro/paradex.ts	watchOrderBook	market	market	1	typed:java.util.Map<String, Object>	-	-	retyped	-
market-census	ts/src/pro/paradex.ts	handleOrderBook	market	safeMarket	1	typed:java.util.Map<String, Object>	-	-	retyped	-
market-census	ts/src/pro/paradex.ts	watchOrders	market	market	1	typed:java.util.Map<String, Object>	-	-	retyped	-
market-census	ts/src/pro/paradex.ts	handleOrder	parsed	parseOrder	1	none	no-table-entry	-	Object	sim-ok
market-census	ts/src/pro/paradex.ts	handleTicker	market	safeMarket	1	typed:java.util.Map<String, Object>	-	-	retyped	-
market-census	ts/src/pro/paradex.ts	handleTicker	ticker	parseTicker	2	none	no-table-entry	-	Object	sim-ok
market-census	ts/src/pro/pacifica.ts	cancelOrdersWs	market	safeMarket	1	typed:java.util.Map<String, Object>	-	-	retyped	-
market-census	ts/src/pro/pacifica.ts	watchOrderBook	market	market	1	typed:java.util.Map<String, Object>	-	-	retyped	-
market-census	ts/src/pro/pacifica.ts	unWatchOrderBook	market	market	1	typed:java.util.Map<String, Object>	-	-	retyped	-
market-census	ts/src/pro/pacifica.ts	handleOrderBook	market	safeMarket	1	typed:java.util.Map<String, Object>	-	-	retyped	-
market-census	ts/src/pro/pacifica.ts	handleWsTickers	market	safeMarket	1	typed:java.util.Map<String, Object>	-	-	retyped	-
market-census	ts/src/pro/pacifica.ts	watchTrades	market	market	1	typed:java.util.Map<String, Object>	-	-	retyped	-
market-census	ts/src/pro/pacifica.ts	unWatchTrades	market	market	1	typed:java.util.Map<String, Object>	-	-	retyped	-
market-census	ts/src/pro/pacifica.ts	handleTrades	market	safeMarket	1	typed:java.util.Map<String, Object>	-	-	retyped	-
market-census	ts/src/pro/pacifica.ts	watchOHLCV	market	market	1	typed:java.util.Map<String, Object>	-	-	retyped	-
market-census	ts/src/pro/pacifica.ts	unWatchOHLCV	market	market	1	typed:java.util.Map<String, Object>	-	-	retyped	-
market-census	ts/src/pro/pacifica.ts	handleOHLCV	market	safeMarket	1	typed:java.util.Map<String, Object>	-	-	retyped	-
market-census	ts/src/pro/pacifica.ts	handleOrder	order	parseOrder	1	none	no-table-entry	-	Object	sim-ok
market-census	ts/src/pro/pacifica.ts	handleOrderBookUnsubscription	market	safeMarket	1	typed:java.util.Map<String, Object>	-	-	retyped	-
market-census	ts/src/pro/pacifica.ts	handleTradesUnsubscription	market	safeMarket	1	typed:java.util.Map<String, Object>	-	-	retyped	-
market-census	ts/src/pro/pacifica.ts	handleOHLCVUnsubscription	market	safeMarket	1	typed:java.util.Map<String, Object>	-	-	retyped	-
market-census	ts/src/pro/poloniex.ts	createOrderWs	market	market	1	typed:java.util.Map<String, Object>	-	-	retyped	-
market-census	ts/src/pro/phemex.ts	parseSwapTicker	marketResolved	safeMarket	2	typed:java.util.Map<String, Object>	-	-	retyped	-
market-census	ts/src/pro/poloniex.ts	handleOHLCV	market	safeMarket	1	typed:java.util.Map<String, Object>	-	-	retyped	-
market-census	ts/src/pro/poloniex.ts	handleOrder	market	market	1	typed:java.util.Map<String, Object>	-	-	retyped	-
market-census	ts/src/pro/poloniex.ts	handleTicker	ticker	parseTicker	1	none	no-table-entry	-	Object	sim-ok
market-census	ts/src/pro/poloniex.ts	handleOrderBook	market	safeMarket	1	typed:java.util.Map<String, Object>	-	-	retyped	-
market-census	ts/src/pro/phemex.ts	parsePerpetualTicker	marketResolved	safeMarket	2	typed:java.util.Map<String, Object>	-	-	retyped	-
market-census	ts/src/pro/phemex.ts	handleTrades	market	safeMarket	1	typed:java.util.Map<String, Object>	-	-	retyped	-
market-census	ts/src/pro/phemex.ts	handleTrades	parsed	parseTrades	2	typed:java.util.List<Object>	-	java.util.List<Object>	retyped	-
market-census	ts/src/pro/phemex.ts	handleOHLCV	market	safeMarket	1	typed:java.util.Map<String, Object>	-	-	retyped	-
market-census	ts/src/pro/phemex.ts	watchTicker	market	market	1	typed:java.util.Map<String, Object>	-	-	retyped	-
market-census	ts/src/pro/phemex.ts	watchTickers	market	market	1	typed:java.util.Map<String, Object>	-	-	retyped	-
market-census	ts/src/pro/phemex.ts	watchTrades	market	market	1	typed:java.util.Map<String, Object>	-	-	retyped	-
market-census	ts/src/pro/phemex.ts	watchOrderBook	market	market	1	typed:java.util.Map<String, Object>	-	-	retyped	-
market-census	ts/src/pro/phemex.ts	watchOHLCV	market	market	1	typed:java.util.Map<String, Object>	-	-	retyped	-
market-census	ts/src/pro/phemex.ts	handleOrderBook	market	safeMarket	1	typed:java.util.Map<String, Object>	-	-	retyped	-
market-census	ts/src/pro/phemex.ts	handleMyTrades	market	safeMarket	1	typed:java.util.Map<String, Object>	-	-	retyped	-
market-census	ts/src/pro/phemex.ts	handleMyTrades	parsed	parseTrade	1	none	no-table-entry	-	Object	sim-ok
market-census	ts/src/pro/phemex.ts	handleOrders	parsedOrder	parseOrder	1	none	no-table-entry	-	Object	sim-ok
market-census	ts/src/pro/phemex.ts	handleOrders	market	market	1	typed:java.util.Map<String, Object>	-	-	retyped	-
market-census	ts/src/pro/phemex.ts	parseWSSwapOrder	marketResolved	safeMarket	2	typed:java.util.Map<String, Object>	-	-	retyped	-
market-census	ts/src/pro/toobit.ts	watchTradesForSymbols	market	market	1	typed:java.util.Map<String, Object>	-	-	retyped	-
market-census	ts/src/pro/upbit.ts	handleTicker	ticker	parseTicker	1	none	no-table-entry	-	Object	sim-ok
market-census	ts/src/pro/upbit.ts	handleTrades	trade	parseTrade	1	none	no-table-entry	-	Object	sim-ok
market-census	ts/src/pro/upbit.ts	watchPrivate	market	market	1	typed:java.util.Map<String, Object>	-	-	retyped	-
market-census	ts/src/pro/toobit.ts	handleTrades	market	safeMarket	1	typed:java.util.Map<String, Object>	-	-	retyped	-
market-census	ts/src/pro/toobit.ts	watchOHLCVForSymbols	market	market	1	typed:java.util.Map<String, Object>	-	-	retyped	-
market-census	ts/src/pro/toobit.ts	handleOHLCV	market	market	1	typed:java.util.Map<String, Object>	-	-	retyped	-
market-census	ts/src/pro/toobit.ts	watchTickers	market	market	1	typed:java.util.Map<String, Object>	-	-	retyped	-
market-census	ts/src/pro/toobit.ts	watchOrderBookForSymbols	market	market	1	typed:java.util.Map<String, Object>	-	-	retyped	-
market-census	ts/src/pro/toobit.ts	handleOrderBook	market	safeMarket	1	typed:java.util.Map<String, Object>	-	-	retyped	-
market-census	ts/src/pro/whitebit.ts	watchOHLCV	market	market	1	typed:java.util.Map<String, Object>	-	-	retyped	-
market-census	ts/src/pro/weex.ts	watchTickers	market	market	1	typed:java.util.Map<String, Object>	-	-	retyped	-
market-census	ts/src/pro/whitebit.ts	handleOHLCV	market	safeMarket	1	typed:java.util.Map<String, Object>	-	-	retyped	-
market-census	ts/src/pro/whitebit.ts	watchOrderBook	market	market	1	typed:java.util.Map<String, Object>	-	-	retyped	-
market-census	ts/src/pro/whitebit.ts	handleOrderBook	market	safeMarket	1	typed:java.util.Map<String, Object>	-	-	retyped	-
market-census	ts/src/pro/whitebit.ts	watchTicker	market	market	1	typed:java.util.Map<String, Object>	-	-	retyped	-
market-census	ts/src/pro/whitebit.ts	watchTickers	market	market	1	typed:java.util.Map<String, Object>	-	-	retyped	-
market-census	ts/src/pro/whitebit.ts	handleTicker	market	safeMarket	1	typed:java.util.Map<String, Object>	-	-	retyped	-
market-census	ts/src/pro/whitebit.ts	handleTicker	ticker	parseTicker	2	none	no-table-entry	-	Object	sim-ok
market-census	ts/src/pro/whitebit.ts	watchTrades	market	market	1	typed:java.util.Map<String, Object>	-	-	retyped	-
market-census	ts/src/pro/whitebit.ts	handleTrades	market	safeMarket	1	typed:java.util.Map<String, Object>	-	-	retyped	-
market-census	ts/src/pro/whitebit.ts	handleTrades	parsedTrades	parseTrades	2	typed:java.util.List<Object>	-	java.util.List<Object>	retyped	-
market-census	ts/src/pro/whitebit.ts	watchMyTrades	market	market	1	typed:java.util.Map<String, Object>	-	-	retyped	-
market-census	ts/src/pro/whitebit.ts	watchOrders	market	market	1	typed:java.util.Map<String, Object>	-	-	retyped	-
market-census	ts/src/pro/whitebit.ts	watchMultipleSubscription	market	market	1	typed:java.util.Map<String, Object>	-	-	retyped	-
market-census	ts/src/pro/whitebit.ts	watchMultipleSubscription	market	market	1	typed:java.util.Map<String, Object>	-	-	retyped	-
market-census	ts/src/pro/weex.ts	unWatchTickers	market	market	1	typed:java.util.Map<String, Object>	-	-	retyped	-
market-census	ts/src/pro/weex.ts	watchTradesForSymbols	market	market	1	typed:java.util.Map<String, Object>	-	-	retyped	-
market-census	ts/src/pro/weex.ts	unWatchTradesForSymbols	market	market	1	typed:java.util.Map<String, Object>	-	-	retyped	-
market-census	ts/src/pro/weex.ts	watchOHLCVForSymbols	firstMarket	market	1	typed:java.util.Map<String, Object>	-	-	retyped	-
market-census	ts/src/pro/weex.ts	watchOHLCVForSymbols	market	market	1	typed:java.util.Map<String, Object>	-	-	retyped	-
market-census	ts/src/pro/weex.ts	unWatchOHLCVForSymbols	firstMarket	market	1	typed:java.util.Map<String, Object>	-	-	retyped	-
market-census	ts/src/pro/weex.ts	unWatchOHLCVForSymbols	market	market	1	typed:java.util.Map<String, Object>	-	-	retyped	-
market-census	ts/src/pro/weex.ts	watchOrderBookForSymbols	market	market	1	typed:java.util.Map<String, Object>	-	-	retyped	-
market-census	ts/src/pro/weex.ts	unWatchOrderBookForSymbols	market	market	1	typed:java.util.Map<String, Object>	-	-	retyped	-
market-census	ts/src/pro/weex.ts	watchBidsAsks	market	market	1	typed:java.util.Map<String, Object>	-	-	retyped	-
market-census	ts/src/pro/weex.ts	unWatchBidsAsks	market	market	1	typed:java.util.Map<String, Object>	-	-	retyped	-
market-census	ts/src/pro/weex.ts	parseWsMyTrade	marketResolved	safeMarket	4	typed:java.util.Map<String, Object>	-	-	retyped	-
market-census	ts/src/pro/weex.ts	parseWsOrder	marketResolved	safeMarket	4	typed:java.util.Map<String, Object>	-	-	retyped	-
market-census	ts/src/pro/weex.ts	getMarketFromClientAndMessage	market	safeMarket	4	typed:java.util.Map<String, Object>	-	-	retyped	-
market-census	ts/src/pro/woo.ts	watchOrderBook	market	market	1	typed:java.util.Map<String, Object>	-	-	retyped	-
market-census	ts/src/pro/woofipro.ts	watchOrderBook	market	market	1	typed:java.util.Map<String, Object>	-	-	retyped	-
market-census	ts/src/pro/woo.ts	unWatchOrderBook	market	market	1	typed:java.util.Map<String, Object>	-	-	retyped	-
market-census	ts/src/pro/woo.ts	handleOrderBook	market	safeMarket	1	typed:java.util.Map<String, Object>	-	-	retyped	-
market-census	ts/src/pro/woo.ts	watchTicker	market	market	1	typed:java.util.Map<String, Object>	-	-	retyped	-
market-census	ts/src/pro/woo.ts	unWatchTicker	market	market	1	typed:java.util.Map<String, Object>	-	-	retyped	-
market-census	ts/src/pro/woo.ts	handleTicker	market	safeMarket	1	typed:java.util.Map<String, Object>	-	-	retyped	-
market-census	ts/src/pro/woo.ts	handleTickers	market	safeMarket	1	typed:java.util.Map<String, Object>	-	-	retyped	-
market-census	ts/src/pro/woo.ts	watchOHLCV	market	market	1	typed:java.util.Map<String, Object>	-	-	retyped	-
market-census	ts/src/pro/woo.ts	unWatchOHLCV	market	market	1	typed:java.util.Map<String, Object>	-	-	retyped	-
market-census	ts/src/pro/woo.ts	handleOHLCV	market	safeMarket	1	typed:java.util.Map<String, Object>	-	-	retyped	-
market-census	ts/src/pro/woo.ts	watchTrades	market	market	1	typed:java.util.Map<String, Object>	-	-	retyped	-
market-census	ts/src/pro/woo.ts	unWatchTrades	market	market	1	typed:java.util.Map<String, Object>	-	-	retyped	-
market-census	ts/src/pro/woo.ts	handleTrade	market	safeMarket	1	typed:java.util.Map<String, Object>	-	-	retyped	-
market-census	ts/src/pro/woo.ts	watchOrders	market	market	1	typed:java.util.Map<String, Object>	-	-	retyped	-
market-census	ts/src/pro/woo.ts	watchMyTrades	market	market	1	typed:java.util.Map<String, Object>	-	-	retyped	-
market-census	ts/src/pro/woo.ts	handlePositions	market	safeMarket	1	typed:java.util.Map<String, Object>	-	-	retyped	-
market-census	ts/src/pro/woo.ts	watchFundingRate	market	market	1	typed:java.util.Map<String, Object>	-	-	retyped	-
market-census	ts/src/pro/woofipro.ts	handleOrderBook	market	safeMarket	1	typed:java.util.Map<String, Object>	-	-	retyped	-
market-census	ts/src/pro/woofipro.ts	watchTicker	market	market	1	typed:java.util.Map<String, Object>	-	-	retyped	-
market-census	ts/src/pro/woofipro.ts	handleTicker	market	safeMarket	1	typed:java.util.Map<String, Object>	-	-	retyped	-
market-census	ts/src/pro/woofipro.ts	handleTickers	market	safeMarket	1	typed:java.util.Map<String, Object>	-	-	retyped	-
market-census	ts/src/pro/woofipro.ts	watchOHLCV	market	market	1	typed:java.util.Map<String, Object>	-	-	retyped	-
market-census	ts/src/pro/woofipro.ts	handleOHLCV	market	safeMarket	1	typed:java.util.Map<String, Object>	-	-	retyped	-
market-census	ts/src/pro/woofipro.ts	watchTrades	market	market	1	typed:java.util.Map<String, Object>	-	-	retyped	-
market-census	ts/src/pro/woofipro.ts	handleTrade	market	safeMarket	1	typed:java.util.Map<String, Object>	-	-	retyped	-
market-census	ts/src/pro/woofipro.ts	watchOrders	market	market	1	typed:java.util.Map<String, Object>	-	-	retyped	-
market-census	ts/src/pro/woofipro.ts	watchMyTrades	market	market	1	typed:java.util.Map<String, Object>	-	-	retyped	-
market-census	ts/src/pro/woofipro.ts	handleMyTrade	market	safeMarket	1	typed:java.util.Map<String, Object>	-	-	retyped	-
market-census	ts/src/pro/woofipro.ts	handlePositions	market	safeMarket	1	typed:java.util.Map<String, Object>	-	-	retyped	-
market-census	ts/src/pro/xt.ts	watchTicker	market	market	1	none	unsafe-use:pro-inherited-async [market]	-	Object	-
market-census	ts/src/pro/xt.ts	unWatchTicker	market	market	1	none	unsafe-use:pro-inherited-async [market]	-	Object	-
market-census	ts/src/pro/xt.ts	watchOHLCV	market	market	1	none	unsafe-use:pro-inherited-async [market]	-	Object	-
market-census	ts/src/pro/xt.ts	unWatchOHLCV	market	market	1	none	unsafe-use:pro-inherited-async [market]	-	Object	-
market-census	ts/src/pro/xt.ts	watchTrades	market	market	1	none	unsafe-use:pro-inherited-async [market]	-	Object	-
market-census	ts/src/pro/xt.ts	unWatchTrades	market	market	1	none	unsafe-use:pro-inherited-async [market]	-	Object	-
market-census	ts/src/pro/xt.ts	watchOrderBook	market	market	1	none	unsafe-use:pro-inherited-async [market]	-	Object	-
market-census	ts/src/pro/xt.ts	unWatchOrderBook	market	market	1	none	unsafe-use:pro-inherited-async [market]	-	Object	-
market-census	ts/src/pro/xt.ts	watchFundingRate	market	market	1	none	unsafe-use:pro-inherited-async [market]	-	Object	-
market-census	ts/src/pro/xt.ts	unWatchFundingRate	market	market	1	none	unsafe-use:pro-inherited-async [market]	-	Object	-
market-census	ts/src/pro/xt.ts	handleTicker	ticker	parseTicker	1	none	no-table-entry	-	Object	sim-ok
market-census	ts/src/pro/xt.ts	handleTickers	ticker	parseTicker	1	none	no-table-entry	-	Object	sim-ok
market-census	ts/src/pro/xt.ts	handleOHLCV	market	safeMarket	4	typed:java.util.Map<String, Object>	-	-	retyped	-
market-census	ts/src/pro/xt.ts	handleTrade	trade	parseTrade	1	none	no-table-entry	-	Object	sim-ok
market-census	ts/src/pro/xt.ts	handleTrade	market	safeMarket	4	typed:java.util.Map<String, Object>	-	-	retyped	-
market-census	ts/src/pro/xt.ts	handleOrderBook	market	safeMarket	4	typed:java.util.Map<String, Object>	-	-	retyped	-
market-census	ts/src/pro/xt.ts	handleOrder	market	safeMarket	4	typed:java.util.Map<String, Object>	-	-	retyped	-
market-census	ts/src/pro/xt.ts	handleMyTrades	parsedTrade	parseTrade	1	none	no-table-entry	-	Object	sim-ok
market-census	ts/src/pro/xt.ts	handleMyTrades	market	market	1	typed:java.util.Map<String, Object>	-	-	retyped	-
market-census	ts/src/base/Exchange.nooverloads.3286970.ts	parseCurrencies	parsed	parseCurrency	1	none	no-table-entry	-	Object	sim-ok
market-census	ts/src/base/Exchange.nooverloads.3286970.ts	featureValue	market	market	1	typed:java.util.Map<String, Object>	-	-	retyped	-
market-census	ts/src/base/Exchange.nooverloads.3286970.ts	setMarkets	currency	safeCurrencyStructure	1	typed:java.util.Map<String, Object>	-	-	retyped	-
market-census	ts/src/base/Exchange.nooverloads.3286970.ts	setMarkets	currency	safeCurrencyStructure	1	typed:java.util.Map<String, Object>	-	-	retyped	-
market-census	ts/src/base/Exchange.nooverloads.3286970.ts	parseOrders	parsed	parseOrder	2	none	no-table-entry	-	Object	sim-ok
market-census	ts/src/base/Exchange.nooverloads.3286970.ts	parseOrders	parsedOrder	parseOrder	2	none	no-table-entry	-	Object	sim-ok
market-census	ts/src/base/Exchange.nooverloads.3286970.ts	marketSymbols	market	market	1	typed:java.util.Map<String, Object>	-	-	retyped	-
market-census	ts/src/base/Exchange.nooverloads.3286970.ts	parseLeverageTiers	market	safeMarket	4	typed:java.util.Map<String, Object>	-	-	retyped	-
market-census	ts/src/base/Exchange.nooverloads.3286970.ts	parseLeverageTiers	market	safeMarket	4	typed:java.util.Map<String, Object>	-	-	retyped	-
market-census	ts/src/base/Exchange.nooverloads.3286970.ts	marketId	market	market	1	typed:java.util.Map<String, Object>	-	-	retyped	-
market-census	ts/src/base/Exchange.nooverloads.3286970.ts	symbol	market	market	1	typed:java.util.Map<String, Object>	-	-	retyped	-
market-census	ts/src/base/Exchange.nooverloads.3286970.ts	safeMarket	result	safeMarketStructure	1	typed:java.util.Map<String, Object>	-	-	retyped	-
market-census	ts/src/base/Exchange.nooverloads.3286970.ts	safeMarket	emptyMarket	safeMarketStructure	1	typed:java.util.Map<String, Object>	-	-	retyped	-
market-census	ts/src/base/Exchange.nooverloads.3286970.ts	fetchPositionADLRank	market	market	1	typed:java.util.Map<String, Object>	-	-	retyped	-
market-census	ts/src/base/Exchange.nooverloads.3286970.ts	costToPrecision	market	market	1	typed:java.util.Map<String, Object>	-	-	retyped	-
market-census	ts/src/base/Exchange.nooverloads.3286970.ts	priceToPrecision	market	market	1	typed:java.util.Map<String, Object>	-	-	retyped	-
market-census	ts/src/base/Exchange.nooverloads.3286970.ts	amountToPrecision	market	market	1	typed:java.util.Map<String, Object>	-	-	retyped	-
market-census	ts/src/base/Exchange.nooverloads.3286970.ts	feeToPrecision	market	market	1	typed:java.util.Map<String, Object>	-	-	retyped	-
market-census	ts/src/base/Exchange.nooverloads.3286970.ts	fetchMarketLeverageTiers	market	market	1	typed:java.util.Map<String, Object>	-	-	retyped	-
market-census	ts/src/base/Exchange.nooverloads.3286970.ts	parseLastPrices	market	safeMarket	1	typed:java.util.Map<String, Object>	-	-	retyped	-
market-census	ts/src/base/Exchange.nooverloads.3286970.ts	parseTickers	parsedTicker	parseTicker	1	none	no-table-entry	-	Object	sim-ok
market-census	ts/src/base/Exchange.nooverloads.3286970.ts	parseTickers	market	safeMarket	1	typed:java.util.Map<String, Object>	-	-	retyped	-
market-census	ts/src/base/Exchange.nooverloads.3286970.ts	parseTickers	parsed	parseTicker	2	none	no-table-entry	-	Object	sim-ok
market-census	ts/src/base/Exchange.nooverloads.3286970.ts	fetchFundingRate	market	market	1	typed:java.util.Map<String, Object>	-	-	retyped	-
market-census	ts/src/base/Exchange.nooverloads.3286970.ts	fetchFundingInterval	market	market	1	typed:java.util.Map<String, Object>	-	-	retyped	-
market-census	ts/src/base/Exchange.nooverloads.3286970.ts	convertTypeToAccount	market	market	1	typed:java.util.Map<String, Object>	-	-	retyped	-
market-census	ts/src/base/Exchange.nooverloads.3286970.ts	parseDepositWithdrawFees	currency	safeCurrency	1	typed:java.util.Map<String, Object>	-	-	retyped	-
market-census	ts/src/base/Exchange.nooverloads.3286970.ts	getMarketFromSymbols	market	market	1	typed:java.util.Map<String, Object>	-	-	retyped	-
market-census	ts/src/base/Exchange.nooverloads.3286970.ts	parseAllGreeks	market	safeMarket	1	typed:java.util.Map<String, Object>	-	-	retyped	-
market-census	ts/src/base/Exchange.nooverloads.3286970.ts	parseOptionChain	currency	safeCurrency	1	typed:java.util.Map<String, Object>	-	-	retyped	-
market-census	ts/src/base/Exchange.nooverloads.3286970.ts	parseOptionChain	market	safeMarket	4	typed:java.util.Map<String, Object>	-	-	retyped	-
market-census	ts/src/base/Exchange.nooverloads.3286970.ts	parseMarginModes	market	safeMarket	4	typed:java.util.Map<String, Object>	-	-	retyped	-
market-census	ts/src/base/Exchange.nooverloads.3286970.ts	parseLeverages	market	safeMarket	4	typed:java.util.Map<String, Object>	-	-	retyped	-
market-census	ts/src/base/Exchange.nooverloads.3286970.ts	parseMarginModifications	market	safeMarket	4	typed:java.util.Map<String, Object>	-	-	retyped	-
market-census	ts/src/base/Exchange.nooverloads.3286970.ts	fetchMarkPrice	market	market	1	typed:java.util.Map<String, Object>	-	-	retyped	-
market-census	ts/src/base/Exchange.nooverloads.3286970.ts	fetchTickerWs	market	market	1	typed:java.util.Map<String, Object>	-	-	retyped	-
market-census	ts/src/base/Exchange.nooverloads.3286970.ts	fetchTicker	market	market	1	typed:java.util.Map<String, Object>	-	-	retyped	-
market-census	ts/src/prediction/binance.ts	parsePredictionOrder	market	safeMarket	1	typed:java.util.Map<String, Object>	-	-	retyped	-
market-census	ts/src/prediction/binance.ts	fetchOpenOrders	market	market	1	typed:java.util.Map<String, Object>	-	-	retyped	-
market-census	ts/src/prediction/binance.ts	fetchPosition	market	market	1	typed:java.util.Map<String, Object>	-	-	retyped	-
market-census	ts/src/prediction/binance.ts	parsePredictionPosition	market	safeMarket	1	typed:java.util.Map<String, Object>	-	-	retyped	-
market-census	ts/src/prediction/binance.ts	parsePredictionTrade	market	safeMarket	1	typed:java.util.Map<String, Object>	-	-	retyped	-
market-census	ts/src/prediction/binance.ts	priceToPrecision	market	market	1	none	unsafe-use:as-cast [market as any]	-	Object	-
market-census	ts/src/prediction/binance.ts	amountToPrecision	market	market	1	none	unsafe-use:as-cast [market as any]	-	Object	-
market-census	ts/src/prediction/binance.ts	createOrder	market	market	1	typed:java.util.Map<String, Object>	-	-	retyped	-
market-census	ts/src/prediction/hyperliquid.ts	parseOutcomeMarket	marketRow	safeMarketStructure	1	typed:java.util.Map<String, Object>	-	-	retyped	-
market-census	ts/src/prediction/kalshi.ts	fetchOutcome	parsed	parseMarket	1	none	no-table-entry	-	Object	sim-unsafe:as-cast [parsed as Dict]
market-census	ts/src/prediction/hyperliquid.ts	fetchOHLCV	market	market	1	typed:java.util.Map<String, Object>	-	-	retyped	-
market-census	ts/src/prediction/hyperliquid.ts	resolveOutcomeInput	market	safeMarket	1	typed:java.util.Map<String, Object>	-	-	retyped	-
market-census	ts/src/prediction/hyperliquid.ts	createOrder	market	market	1	typed:java.util.Map<String, Object>	-	-	retyped	-
market-census	ts/src/prediction/hyperliquid.ts	amountToPrecision	market	market	1	typed:java.util.Map<String, Object>	-	-	retyped	-
market-census	ts/src/prediction/hyperliquid.ts	priceToPrecision	market	market	1	typed:java.util.Map<String, Object>	-	-	retyped	-
market-census	ts/src/prediction/kalshi.ts	fetchOutcomes	parsed	parseMarket	1	none	no-table-entry	-	Object	sim-unsafe:as-cast [parsed as Dict]
market-census	ts/src/prediction/kalshi.ts	parseEvent	parsed	parseMarket	1	none	no-table-entry	-	Object	sim-ok
market-census	ts/src/prediction/limitless.ts	fetchMarkets	m	parseMarket	1	none	no-table-entry	-	Object	sim-ok
market-census	ts/src/prediction/limitless.ts	signOrderRequest	market	market	1	typed:java.util.Map<String, Object>	-	-	retyped	-
market-census	ts/src/prediction/limitless.ts	getOutcomeBySlugAndLabel	mkt	safeMarket	2	typed:java.util.Map<String, Object>	-	-	retyped	-
market-census	ts/src/prediction/limitless.ts	fetchEvents	m	parseMarket	1	none	no-table-entry	-	Object	sim-unsafe:as-cast [m as Dict]
market-census	ts/src/prediction/myriad.ts	handleTrades	market	safeMarket	1	typed:java.util.Map<String, Object>	-	-	retyped	-
market-census	ts/src/prediction/myriad.ts	handleTrades	makerMarket	safeMarket	1	typed:java.util.Map<String, Object>	-	-	retyped	-
market-census	ts/src/prediction/myriad.ts	handleTicker	market	safeMarket	1	typed:java.util.Map<String, Object>	-	-	retyped	-
